,file_name,obj_class,vertices,faces,face_type,bounding_box,is_manifold,outlier_low,outlier_high,file_path
0,m1344.obj,AircraftBuoyant,4101,7964,Triangles,"{'min_bound': [0.025, 0.025, 0.025], 'max_bound': [0.674099, 0.975, 0.6741]}",False,False,False,datasets/dataset_snippet_medium_resampled\AircraftBuoyant\m1344.obj
1,m1346.obj,AircraftBuoyant,4991,10770,Triangles,"{'min_bound': [0.025612, 0.025, 0.025612], 'max_bound': [0.32136487, 0.353399, 0.975]}",False,False,False,datasets/dataset_snippet_medium_resampled\AircraftBuoyant\m1346.obj
2,m1347.obj,AircraftBuoyant,5710,12284,Triangles,"{'min_bound': [0.02493729, 0.02491696, 0.025], 'max_bound': [0.31208459, 0.41987596, 0.97508219]}",False,False,False,datasets/dataset_snippet_medium_resampled\AircraftBuoyant\m1347.obj
3,m1348.obj,AircraftBuoyant,5380,10866,Triangles,"{'min_bound': [0.0252325, 0.025, 0.02559137], 'max_bound': [0.32146038, 0.35429663, 0.975]}",False,False,False,datasets/dataset_snippet_medium_resampled\AircraftBuoyant\m1348.obj
4,m1351.obj,AircraftBuoyant,4503,8637,Triangles,"{'min_bound': [0.02500069, 0.02494587, 0.02498805], 'max_bound': [0.20826537, 0.21919322, 0.975]}",False,False,False,datasets/dataset_snippet_medium_resampled\AircraftBuoyant\m1351.obj
5,m1352.obj,AircraftBuoyant,4353,8720,Triangles,"{'min_bound': [0.02496511, 0.025, 0.025409], 'max_bound': [0.975, 0.37688917, 0.33262099]}",False,False,False,datasets/dataset_snippet_medium_resampled\AircraftBuoyant\m1352.obj
6,D00310.obj,Apartment,5934,9905,Triangles,"{'min_bound': [-0.744656, -0.389316, -0.368775], 'max_bound': [1.03298, 0.494357, 0.339434]}",False,False,False,datasets/dataset_snippet_medium_resampled\Apartment\D00310.obj
8,D00859.obj,Apartment,4677,8892,Triangles,"{'min_bound': [-0.824176, -0.692473, -0.33128], 'max_bound': [1.07379, 0.611025, 0.211846]}",False,False,False,datasets/dataset_snippet_medium_resampled\Apartment\D00859.obj
9,D00869.obj,Apartment,4847,9189,Triangles,"{'min_bound': [-0.984513, -0.521765, -0.380646], 'max_bound': [0.688383, 0.644962, 0.551785]}",False,False,False,datasets/dataset_snippet_medium_resampled\Apartment\D00869.obj
10,D00921.obj,Apartment,4472,5801,Triangles,"{'min_bound': [-0.850705, -0.487423, -0.558467], 'max_bound': [0.822601, 0.545748, 0.554978]}",False,False,False,datasets/dataset_snippet_medium_resampled\Apartment\D00921.obj
11,D00953.obj,Apartment,4156,7354,Triangles,"{'min_bound': [-0.949201, -0.826799, -0.444887], 'max_bound': [0.665321, 0.896079, 0.51871]}",False,False,False,datasets/dataset_snippet_medium_resampled\Apartment\D00953.obj
12,m465.obj,Apartment,4363,8581,Triangles,"{'min_bound': [0.025, 0.025, 0.025], 'max_bound': [0.21702, 0.975, 0.251523]}",False,False,False,datasets/dataset_snippet_medium_resampled\Apartment\m465.obj
13,m57.obj,AquaticAnimal,4697,8725,Triangles,"{'min_bound': [0.025, 0.025, 0.02496354], 'max_bound': [0.143963, 0.38951013, 0.97500617]}",False,False,False,datasets/dataset_snippet_medium_resampled\AquaticAnimal\m57.obj
14,m62.obj,AquaticAnimal,5015,10490,Triangles,"{'min_bound': [0.025, 0.025, 0.025], 'max_bound': [0.131276, 0.749178, 0.975]}",False,False,False,datasets/dataset_snippet_medium_resampled\AquaticAnimal\m62.obj
15,m63.obj,AquaticAnimal,4773,9832,Triangles,"{'min_bound': [0.025, 0.025, 0.025], 'max_bound': [0.975, 0.724541, 0.777238]}",False,False,False,datasets/dataset_snippet_medium_resampled\AquaticAnimal\m63.obj
16,m73.obj,AquaticAnimal,4524,9056,Triangles,"{'min_bound': [0.025, 0.025, 0.025], 'max_bound': [0.975, 0.610865, 0.376181]}",False,False,False,datasets/dataset_snippet_medium_resampled\AquaticAnimal\m73.obj
17,m74.obj,AquaticAnimal,5034,10536,Triangles,"{'min_bound': [0.025, 0.025, 0.025], 'max_bound': [0.35389775, 0.321596, 0.975]}",False,False,False,datasets/dataset_snippet_medium_resampled\AquaticAnimal\m74.obj
18,m76.obj,AquaticAnimal,5962,16550,Triangles,"{'min_bound': [0.025, 0.02413999, 0.025], 'max_bound': [0.39593708, 0.35319562, 0.975]}",False,False,False,datasets/dataset_snippet_medium_resampled\AquaticAnimal\m76.obj
19,m79.obj,AquaticAnimal,5353,10571,Triangles,"{'min_bound': [0.025, 0.025, 0.025], 'max_bound': [0.975, 0.256171, 0.300958]}",False,False,False,datasets/dataset_snippet_medium_resampled\AquaticAnimal\m79.obj
20,D00184.obj,Bed,5077,9943,Triangles,"{'min_bound': [-0.937684, -0.891329, -0.46638407], 'max_bound': [0.750002, 0.664602, 0.341943]}",False,False,False,datasets/dataset_snippet_medium_resampled\Bed\D00184.obj
21,D00307.obj,Bed,4614,10404,Triangles,"{'min_bound': [-0.82016499, -0.833938, -0.213808], 'max_bound': [0.991699, 0.872106, 0.392634]}",False,False,False,datasets/dataset_snippet_medium_resampled\Bed\D00307.obj
22,D00538.obj,Bed,5000,9707,Triangles,"{'min_bound': [-0.838246, -0.47922078, -0.325735], 'max_bound': [0.83806777, 0.70275514, 0.41199491]}",False,False,False,datasets/dataset_snippet_medium_resampled\Bed\D00538.obj
23,D00650.obj,Bed,4707,10216,Triangles,"{'min_bound': [-0.86373298, -0.550605, -0.4215481], 'max_bound': [0.83311835, 0.37746339, 0.28201901]}",False,False,False,datasets/dataset_snippet_medium_resampled\Bed\D00650.obj
24,D00988.obj,Bed,5018,9984,Triangles,"{'min_bound': [-0.867888, -0.726326, -0.517681], 'max_bound': [0.815509, 0.426407, 0.208921]}",False,False,False,datasets/dataset_snippet_medium_resampled\Bed\D00988.obj
25,m949.obj,Bed,5387,10880,Triangles,"{'min_bound': [0.025, 0.025, 0.025], 'max_bound': [0.956207, 0.975, 0.489954]}",False,False,False,datasets/dataset_snippet_medium_resampled\Bed\m949.obj
26,m951.obj,Bed,4947,9376,Triangles,"{'min_bound': [0.025, 0.025, 0.025], 'max_bound': [0.797947, 0.536752, 0.975]}",False,False,False,datasets/dataset_snippet_medium_resampled\Bed\m951.obj
27,D00040.obj,Bicycle,4339,8525,Triangles,"{'min_bound': [-0.94088862, -0.458162, -0.31764], 'max_bound': [0.963824, 0.7447898, 0.31697894]}",False,False,False,datasets/dataset_snippet_medium_resampled\Bicycle\D00040.obj
28,D00077.obj,Bicycle,5562,11080,Triangles,"{'min_bound': [-0.84664565, -0.6582406, -0.36397096], 'max_bound': [1.04394676, 0.48771325, 0.28838993]}",False,False,False,datasets/dataset_snippet_medium_resampled\Bicycle\D00077.obj
30,D00558.obj,Bicycle,4940,9041,Triangles,"{'min_bound': [-1.01428, -0.53937012, -0.28297206], 'max_bound': [0.93907148, 0.58506208, 0.23706472]}",False,False,False,datasets/dataset_snippet_medium_resampled\Bicycle\D00558.obj
32,D00930.obj,Bicycle,5545,10567,Triangles,"{'min_bound': [-0.717136, -0.52028297, -0.244459], 'max_bound': [0.98973791, 0.83176, 0.270249]}",False,False,False,datasets/dataset_snippet_medium_resampled\Bicycle\D00930.obj
33,m1476.obj,Bicycle,5079,10258,Triangles,"{'min_bound': [0.025, 0.025, 0.025], 'max_bound': [0.299675, 0.574723, 0.975]}",False,False,False,datasets/dataset_snippet_medium_resampled\Bicycle\m1476.obj
35,D00132.obj,Biplane,5867,10866,Triangles,"{'min_bound': [-0.945636, -0.416782, -0.129309], 'max_bound': [0.947322, 0.85261, 0.255501]}",False,False,False,datasets/dataset_snippet_medium_resampled\Biplane\D00132.obj
36,D00199.obj,Biplane,4347,7696,Triangles,"{'min_bound': [-1.01653, -0.38886, -0.234302], 'max_bound': [0.915606, 1.07596, 0.33911594]}",False,False,False,datasets/dataset_snippet_medium_resampled\Biplane\D00199.obj
37,m1119.obj,Biplane,4168,8626,Triangles,"{'min_bound': [0.02428926, 0.025, 0.025], 'max_bound': [0.97753737, 0.379325, 0.815271]}",False,False,False,datasets/dataset_snippet_medium_resampled\Biplane\m1119.obj
38,m1127.obj,Biplane,4500,8320,Triangles,"{'min_bound': [0.025, 0.025, 0.025], 'max_bound': [0.811053, 0.975, 0.219704]}",False,False,False,datasets/dataset_snippet_medium_resampled\Biplane\m1127.obj
41,D00113.obj,Bird,5456,10872,Triangles,"{'min_bound': [-0.98927795, -0.565778, -0.55825542], 'max_bound': [0.73045892, 0.95496965, 0.60275101]}",False,False,False,datasets/dataset_snippet_medium_resampled\Bird\D00113.obj
42,D00271.obj,Bird,4459,8618,Triangles,"{'min_bound': [-1.17034605, -0.67701, -0.19298474], 'max_bound': [0.715522, 0.63337661, 0.20189146]}",False,False,False,datasets/dataset_snippet_medium_resampled\Bird\D00271.obj
43,D00599.obj,Bird,4525,10152,Triangles,"{'min_bound': [-1.20739, -0.452237, -0.05299], 'max_bound': [0.749861, 0.290011, 0.157614]}",False,False,False,datasets/dataset_snippet_medium_resampled\Bird\D00599.obj
44,m36.obj,Bird,5048,10024,Triangles,"{'min_bound': [0.025, 0.025, 0.025], 'max_bound': [0.944541, 0.808922, 0.975]}",False,False,False,datasets/dataset_snippet_medium_resampled\Bird\m36.obj
45,m43.obj,Bird,4936,9676,Triangles,"{'min_bound': [0.025, 0.025, 0.025], 'max_bound': [0.927106, 0.606166, 0.95813844]}",False,False,False,datasets/dataset_snippet_medium_resampled\Bird\m43.obj
46,m47.obj,Bird,5708,11392,Triangles,"{'min_bound': [0.025, 0.025, 0.025], 'max_bound': [0.695803, 0.148154, 0.975]}",True,False,False,datasets/dataset_snippet_medium_resampled\Bird\m47.obj
48,D01038.obj,Bookset,5979,38352,Triangles,"{'min_bound': [4.969709, 3.424974, 0.37464605], 'max_bound': [5.194114, 4.391839, 0.73787481]}",False,False,False,datasets/dataset_snippet_medium_resampled\Bookset\D01038.obj
49,D01042.obj,Bookset,5348,26169,Triangles,"{'min_bound': [-1.910849, 0.678389, -0.056548], 'max_bound': [-1.673169, 0.885973, 0.221452]}",False,False,False,datasets/dataset_snippet_medium_resampled\Bookset\D01042.obj
50,D01050.obj,Bookset,5770,34269,Triangles,"{'min_bound': [-0.0, 0.0, 0.0], 'max_bound': [0.275274, 0.28956, 0.318973]}",False,False,False,datasets/dataset_snippet_medium_resampled\Bookset\D01050.obj
51,D01078.obj,Bookset,4690,27024,Triangles,"{'min_bound': [0.273999, 0.229734, 0.0], 'max_bound': [0.580868, 0.350384, 0.17145]}",False,False,False,datasets/dataset_snippet_medium_resampled\Bookset\D01078.obj
52,D01122.obj,Bookset,4582,27414,Triangles,"{'min_bound': [0.0, -0.020638, 0.0], 'max_bound': [0.198004, 0.105497, 0.145403]}",False,False,False,datasets/dataset_snippet_medium_resampled\Bookset\D01122.obj
53,D00020.obj,Bottle,4242,9384,Triangles,"{'min_bound': [-0.790026, -0.214855, -0.229202], 'max_bound': [0.882518, 0.221754, 0.19281592]}",False,False,False,datasets/dataset_snippet_medium_resampled\Bottle\D00020.obj
54,D00123.obj,Bottle,4180,8192,Triangles,"{'min_bound': [-0.785998, -0.272641, -0.188644], 'max_bound': [0.781472, 0.122641, 0.175108]}",False,False,False,datasets/dataset_snippet_medium_resampled\Bottle\D00123.obj
55,D00166.obj,Bottle,5602,11028,Triangles,"{'min_bound': [-0.81524251, -0.38744901, -0.27267334], 'max_bound': [0.92012429, 0.44678222, 0.28405977]}",False,False,False,datasets/dataset_snippet_medium_resampled\Bottle\D00166.obj
56,D00176.obj,Bottle,4997,9990,Triangles,"{'min_bound': [-0.71890737, -0.22924, -0.268809], 'max_bound': [0.9873658, 0.32021, 0.262583]}",True,False,False,datasets/dataset_snippet_medium_resampled\Bottle\D00176.obj
57,m482.obj,Bottle,5739,11512,Triangles,"{'min_bound': [0.025, 0.025, 0.025], 'max_bound': [0.289643, 0.97500063, 0.292987]}",False,False,False,datasets/dataset_snippet_medium_resampled\Bottle\m482.obj
58,m483.obj,Bottle,5189,9920,Triangles,"{'min_bound': [0.025, 0.025, 0.025], 'max_bound': [0.261391, 0.975, 0.261391]}",False,False,False,datasets/dataset_snippet_medium_resampled\Bottle\m483.obj
59,m486.obj,Bottle,5492,10903,Triangles,"{'min_bound': [0.025, 0.025, 0.025], 'max_bound': [0.301499, 0.97500001, 0.302639]}",False,False,False,datasets/dataset_snippet_medium_resampled\Bottle\m486.obj
60,m384.obj,BuildingNonResidential,4960,9767,Triangles,"{'min_bound': [0.025, 0.025, 0.026499], 'max_bound': [0.975, 0.289902, 0.871086]}",False,False,False,datasets/dataset_snippet_medium_resampled\BuildingNonResidential\m384.obj
61,m390.obj,BuildingNonResidential,4435,8960,Triangles,"{'min_bound': [0.025, 0.032235, 0.025], 'max_bound': [0.846817, 0.752337, 0.952219]}",False,False,False,datasets/dataset_snippet_medium_resampled\BuildingNonResidential\m390.obj
62,m399.obj,BuildingNonResidential,5325,9499,Triangles,"{'min_bound': [0.025, 0.025, 0.025], 'max_bound': [0.975, 0.607391, 0.971631]}",False,False,False,datasets/dataset_snippet_medium_resampled\BuildingNonResidential\m399.obj
63,m400.obj,BuildingNonResidential,4724,9408,Triangles,"{'min_bound': [0.025, 0.025, 0.025], 'max_bound': [0.778448, 0.788603, 0.975]}",False,False,False,datasets/dataset_snippet_medium_resampled\BuildingNonResidential\m400.obj
64,m404.obj,BuildingNonResidential,4547,11008,Triangles,"{'min_bound': [0.025, 0.025, 0.025], 'max_bound': [0.975, 0.427949, 0.745506]}",False,False,False,datasets/dataset_snippet_medium_resampled\BuildingNonResidential\m404.obj
65,m409.obj,BuildingNonResidential,5017,8304,Triangles,"{'min_bound': [0.025, 0.025, 0.025], 'max_bound': [0.975, 0.221457, 0.708173]}",False,False,False,datasets/dataset_snippet_medium_resampled\BuildingNonResidential\m409.obj
66,m412.obj,BuildingNonResidential,4714,7894,Triangles,"{'min_bound': [0.025, 0.025, 0.025], 'max_bound': [0.975, 0.12811, 0.511585]}",False,False,False,datasets/dataset_snippet_medium_resampled\BuildingNonResidential\m412.obj
67,D00084.obj,Bus,4584,26019,Triangles,"{'min_bound': [-1.20045, -10.35590202, -0.02524868], 'max_bound': [4.22747121, 14.7305, 6.59761]}",False,False,False,datasets/dataset_snippet_medium_resampled\Bus\D00084.obj
68,D00114.obj,Bus,5130,37275,Triangles,"{'min_bound': [-0.00167851, 0.0299705, -0.00050447], 'max_bound': [6.85453712, 2.27739, 3.89766]}",False,False,False,datasets/dataset_snippet_medium_resampled\Bus\D00114.obj
69,D00264.obj,Bus,5386,32919,Triangles,"{'min_bound': [-0.64109861, -14.56330141, -0.363642], 'max_bound': [2.90562331, -2.19661, 3.21675787]}",False,False,False,datasets/dataset_snippet_medium_resampled\Bus\D00264.obj
70,D00446.obj,Bus,4915,28227,Triangles,"{'min_bound': [-7.22028, -2.76502, -0.494284], 'max_bound': [7.78, 0.26406, 4.27056]}",False,False,False,datasets/dataset_snippet_medium_resampled\Bus\D00446.obj
71,D00516.obj,Bus,4096,24609,Triangles,"{'min_bound': [-9.10837, 2.988008, 0.013357], 'max_bound': [0.470615, 5.816505, 2.94406]}",False,False,False,datasets/dataset_snippet_medium_resampled\Bus\D00516.obj
72,D00754.obj,Bus,4203,29385,Triangles,"{'min_bound': [0.00045537, 0.00168276, -0.00041645], 'max_bound': [2.80365412, 14.1244, 4.22907633]}",False,False,False,datasets/dataset_snippet_medium_resampled\Bus\D00754.obj
73,D00815.obj,Bus,5020,28008,Triangles,"{'min_bound': [-6.017871, -1.359204, -1.900115], 'max_bound': [6.017871, 1.359204, 1.900115]}",False,False,False,datasets/dataset_snippet_medium_resampled\Bus\D00815.obj
74,D00377.obj,Car,5780,11568,Triangles,"{'min_bound': [-0.78007132, -0.462143, -0.25916918], 'max_bound': [0.917149, 0.384177, 0.21852966]}",True,False,False,datasets/dataset_snippet_medium_resampled\Car\D00377.obj
75,D00785.obj,Car,4965,7965,Triangles,"{'min_bound': [-0.93818683, -0.314561, -0.38653522], 'max_bound': [0.90676229, 0.494684, 0.357896]}",False,False,False,datasets/dataset_snippet_medium_resampled\Car\D00785.obj
76,m1519.obj,Car,4065,8079,Triangles,"{'min_bound': [0.025, 0.025, 0.025], 'max_bound': [0.377113, 0.272796, 0.975]}",False,False,False,datasets/dataset_snippet_medium_resampled\Car\m1519.obj
77,m1524.obj,Car,4868,12336,Triangles,"{'min_bound': [0.025, 0.025, 0.025], 'max_bound': [0.42681556, 0.338181, 0.97646767]}",False,False,False,datasets/dataset_snippet_medium_resampled\Car\m1524.obj
78,m1542.obj,Car,4384,7422,Triangles,"{'min_bound': [0.025, 0.025, 0.025], 'max_bound': [0.475133, 0.345513, 0.975]}",False,False,False,datasets/dataset_snippet_medium_resampled\Car\m1542.obj
79,m1548.obj,Car,5609,10564,Triangles,"{'min_bound': [0.02488687, 0.025, 0.025], 'max_bound': [0.97509266, 0.27926, 0.45225084]}",False,False,False,datasets/dataset_snippet_medium_resampled\Car\m1548.obj
80,m1558.obj,Car,4985,8331,Triangles,"{'min_bound': [0.025, 0.025, 0.025], 'max_bound': [0.347265, 0.307098, 0.975]}",False,False,False,datasets/dataset_snippet_medium_resampled\Car\m1558.obj
81,D00018.obj,Cellphone,5121,9246,Triangles,"{'min_bound': [-1.217518, -0.450646, -0.265966], 'max_bound': [0.64781, 0.3032265, 0.253022]}",False,False,False,datasets/dataset_snippet_medium_resampled\Cellphone\D00018.obj
82,D00079.obj,Cellphone,5065,8889,Triangles,"{'min_bound': [-0.93648425, -0.40549863, -0.33391483], 'max_bound': [1.02067243, 0.370964, 0.10291417]}",False,False,False,datasets/dataset_snippet_medium_resampled\Cellphone\D00079.obj
83,D00192.obj,Cellphone,4800,9520,Triangles,"{'min_bound': [-0.99916, -0.306454, -0.123066], 'max_bound': [0.75987, 0.485364, 0.156643]}",True,False,False,datasets/dataset_snippet_medium_resampled\Cellphone\D00192.obj
84,D00440.obj,Cellphone,5377,11186,Triangles,"{'min_bound': [-0.544542, -0.168497, -0.113165], 'max_bound': [0.993595, 0.257078, 0.124731]}",False,False,False,datasets/dataset_snippet_medium_resampled\Cellphone\D00440.obj
85,D00542.obj,Cellphone,5611,20520,Triangles,"{'min_bound': [-0.994816, -0.2779354, -0.06087302], 'max_bound': [0.494167, 0.26693577, 0.19600222]}",False,False,False,datasets/dataset_snippet_medium_resampled\Cellphone\D00542.obj
86,D00848.obj,Cellphone,4901,9001,Triangles,"{'min_bound': [-0.96832775, -0.220049, -0.13627101], 'max_bound': [0.656545, 0.36508518, 0.09412665]}",False,False,False,datasets/dataset_snippet_medium_resampled\Cellphone\D00848.obj
87,D01099.obj,Chess,4048,9312,Triangles,"{'min_bound': [0.025, 0.02499997, 0.025], 'max_bound': [0.629581, 0.975, 0.62259897]}",False,False,False,datasets/dataset_snippet_medium_resampled\Chess\D01099.obj
88,D01112.obj,Chess,4722,9440,Triangles,"{'min_bound': [0.025, 0.025, 0.025], 'max_bound': [0.443287, 0.975, 0.443287]}",True,False,False,datasets/dataset_snippet_medium_resampled\Chess\D01112.obj
89,m1595.obj,Chess,4918,10000,Triangles,"{'min_bound': [0.025, 0.025, 0.025], 'max_bound': [0.975, 0.19239066, 0.975]}",False,False,False,datasets/dataset_snippet_medium_resampled\Chess\m1595.obj
90,m1604.obj,Chess,4420,9218,Triangles,"{'min_bound': [0.02499997, 0.025, 0.0249991], 'max_bound': [0.414079, 0.975, 0.414079]}",False,False,False,datasets/dataset_snippet_medium_resampled\Chess\m1604.obj
91,m1610.obj,Chess,4266,8528,Triangles,"{'min_bound': [0.02480096, 0.0249922, 0.02467307], 'max_bound': [0.64682765, 0.975, 0.645819]}",False,False,False,datasets/dataset_snippet_medium_resampled\Chess\m1610.obj
92,m1613.obj,Chess,4482,8960,Triangles,"{'min_bound': [0.025, 0.025, 0.025], 'max_bound': [0.43672, 0.975, 0.43672]}",True,False,False,datasets/dataset_snippet_medium_resampled\Chess\m1613.obj
93,D01039.obj,City,4694,8160,Triangles,"{'min_bound': [0.025, 0.025, 0.025], 'max_bound': [0.840902, 0.0788145, 0.975]}",False,False,False,datasets/dataset_snippet_medium_resampled\City\D01039.obj
94,D01103.obj,City,5363,9001,Triangles,"{'min_bound': [0.025, 0.025, 0.025], 'max_bound': [0.856228, 0.185283, 0.975]}",False,False,False,datasets/dataset_snippet_medium_resampled\City\D01103.obj
95,D01173.obj,City,5080,10223,Triangles,"{'min_bound': [0.0554, 0.02497122, 0.1245], 'max_bound': [0.9405, 0.06341065, 0.91015]}",False,False,False,datasets/dataset_snippet_medium_resampled\City\D01173.obj
96,D01181.obj,City,5135,5675,Triangles,"{'min_bound': [0.025, 0.025, 0.025], 'max_bound': [0.975, 0.236017, 0.641048]}",False,False,False,datasets/dataset_snippet_medium_resampled\City\D01181.obj
97,D01192.obj,City,5196,5897,Triangles,"{'min_bound': [0.0484247, 0.025, 0.02498674], 'max_bound': [0.975, 0.362786, 0.625857]}",False,False,False,datasets/dataset_snippet_medium_resampled\City\D01192.obj
98,m1652.obj,City,5372,9001,Triangles,"{'min_bound': [0.025, 0.025, 0.025], 'max_bound': [0.856228, 0.185283, 0.975]}",False,False,False,datasets/dataset_snippet_medium_resampled\City\m1652.obj
99,m1654.obj,City,5532,9581,Triangles,"{'min_bound': [0.025, 0.025, 0.025], 'max_bound': [0.975, 0.210119, 0.973098]}",False,False,False,datasets/dataset_snippet_medium_resampled\City\m1654.obj
100,D00009.obj,ClassicPiano,5526,33480,Triangles,"{'min_bound': [-0.818664, -1.305727, 0.00244], 'max_bound': [0.801163, 1.502257, 1.763385]}",False,False,False,datasets/dataset_snippet_medium_resampled\ClassicPiano\D00009.obj
101,D00092.obj,ClassicPiano,5901,33375,Triangles,"{'min_bound': [0.0, -12.6335, -30.5165], 'max_bound': [46.1645, 47.2239, 27.7809]}",False,False,False,datasets/dataset_snippet_medium_resampled\ClassicPiano\D00092.obj
102,D00190.obj,ClassicPiano,4408,27843,Triangles,"{'min_bound': [-0.1524, -1.59385, -0.0], 'max_bound': [6.190816, 5.764708, 5.139549]}",False,False,False,datasets/dataset_snippet_medium_resampled\ClassicPiano\D00190.obj
103,D00314.obj,ClassicPiano,5183,21732,Triangles,"{'min_bound': [0.553825, 0.314166, -0.0931927], 'max_bound': [2.55332, 2.72606, 2.02282905]}",False,False,False,datasets/dataset_snippet_medium_resampled\ClassicPiano\D00314.obj
104,D00561.obj,ClassicPiano,4459,25659,Triangles,"{'min_bound': [5.55730331, 0.381786, 0.009661], 'max_bound': [8.15513, 4.20455, 2.25358]}",False,False,False,datasets/dataset_snippet_medium_resampled\ClassicPiano\D00561.obj
105,D00605.obj,ClassicPiano,5807,33459,Triangles,"{'min_bound': [-0.016794, 0.0, 0.0], 'max_bound': [1.36991, 2.49472, 1.85693]}",False,False,False,datasets/dataset_snippet_medium_resampled\ClassicPiano\D00605.obj
106,D00811.obj,ClassicPiano,4582,27585,Triangles,"{'min_bound': [0.219825, -0.395828, -0.0], 'max_bound': [1.548883, 1.284801, 1.578419]}",False,False,False,datasets/dataset_snippet_medium_resampled\ClassicPiano\D00811.obj
107,D01100.obj,Computer,5288,11116,Triangles,"{'min_bound': [-123.44803678, -118.893, 11.3206], 'max_bound': [-103.793, -89.6162, 30.51630001]}",False,False,False,datasets/dataset_snippet_medium_resampled\Computer\D01100.obj
108,D01164.obj,Computer,4854,10336,Triangles,"{'min_bound': [0.025, 0.025, 0.025], 'max_bound': [0.777486, 0.4214, 0.975]}",False,False,False,datasets/dataset_snippet_medium_resampled\Computer\D01164.obj
109,D01185.obj,Computer,5112,11894,Triangles,"{'min_bound': [0.025, 0.025, 0.025], 'max_bound': [0.909483, 0.852815, 0.975]}",False,False,False,datasets/dataset_snippet_medium_resampled\Computer\D01185.obj
110,m1773.obj,Computer,4149,8347,Triangles,"{'min_bound': [0.02497879, 0.025, 0.025], 'max_bound': [0.975, 0.477648, 0.724189]}",False,False,False,datasets/dataset_snippet_medium_resampled\Computer\m1773.obj
111,m1774.obj,Computer,4213,11840,Triangles,"{'min_bound': [0.025, 0.025, 0.025], 'max_bound': [0.907078, 0.853794, 0.975]}",False,False,False,datasets/dataset_snippet_medium_resampled\Computer\m1774.obj
112,D00127.obj,ComputerKeyboard,4730,26340,Triangles,"{'min_bound': [0.0, 0.0, 0.0], 'max_bound': [0.1143, 0.43815, 0.036337]}",False,False,False,datasets/dataset_snippet_medium_resampled\ComputerKeyboard\D00127.obj
113,D00360.obj,ComputerKeyboard,4401,25074,Triangles,"{'min_bound': [-0.00136601, -0.000633, -2.905e-05], 'max_bound': [0.43, 0.11633581, 0.01905807]}",False,False,False,datasets/dataset_snippet_medium_resampled\ComputerKeyboard\D00360.obj
114,D00525.obj,ComputerKeyboard,4848,12747,Triangles,"{'min_bound': [0.0, -0.014278, -0.0], 'max_bound': [46.0, 13.824192, 1.589723]}",False,False,False,datasets/dataset_snippet_medium_resampled\ComputerKeyboard\D00525.obj
115,D00600.obj,ComputerKeyboard,4809,29382,Triangles,"{'min_bound': [0.847416, -0.0008, 0.004234], 'max_bound': [1.305416, 0.159395, 0.041277]}",False,False,False,datasets/dataset_snippet_medium_resampled\ComputerKeyboard\D00600.obj
116,D00676.obj,ComputerKeyboard,5088,30045,Triangles,"{'min_bound': [0.0, -0.180002, -0.182521], 'max_bound': [5.6, 2.68959, 0.176906]}",False,False,False,datasets/dataset_snippet_medium_resampled\ComputerKeyboard\D00676.obj
117,D00905.obj,ComputerKeyboard,5122,30708,Triangles,"{'min_bound': [-1.610966, 1.814205, 1.184175], 'max_bound': [-1.349154, 2.525576, 1.212519]}",False,False,False,datasets/dataset_snippet_medium_resampled\ComputerKeyboard\D00905.obj
118,D00990.obj,ComputerKeyboard,4370,25608,Triangles,"{'min_bound': [0.0, 0.0, 0.0], 'max_bound': [0.4445, 0.1524, 0.044462]}",False,False,False,datasets/dataset_snippet_medium_resampled\ComputerKeyboard\D00990.obj
119,D00214.obj,Cup,4258,8802,Triangles,"{'min_bound': [-0.988675, -0.517514, -0.632965], 'max_bound': [0.601485, 0.773412, 0.659266]}",False,False,False,datasets/dataset_snippet_medium_resampled\Cup\D00214.obj
120,D00355.obj,Cup,4980,9956,Triangles,"{'min_bound': [-0.68480749, -0.34054253, -0.25451], 'max_bound': [0.9550363, 0.200958, 0.25512351]}",True,False,False,datasets/dataset_snippet_medium_resampled\Cup\D00355.obj
121,D00638.obj,Cup,4750,9496,Triangles,"{'min_bound': [-0.540268, -0.392506, -0.463908], 'max_bound': [0.96029587, 0.524391, 0.453931]}",True,False,False,datasets/dataset_snippet_medium_resampled\Cup\D00638.obj
122,D00642.obj,Cup,4050,8534,Triangles,"{'min_bound': [-0.835482, -0.301635, -0.282773], 'max_bound': [0.97391, 0.236074, 0.255214]}",False,False,False,datasets/dataset_snippet_medium_resampled\Cup\D00642.obj
123,D00882.obj,Cup,4299,8684,Triangles,"{'min_bound': [-1.0525092, -0.37905, -0.486175], 'max_bound': [0.604467, 0.637049, 0.474396]}",False,False,False,datasets/dataset_snippet_medium_resampled\Cup\D00882.obj
124,m501.obj,Cup,4132,8000,Triangles,"{'min_bound': [0.025, 0.025, 0.025], 'max_bound': [0.677538, 0.975, 0.677538]}",False,False,False,datasets/dataset_snippet_medium_resampled\Cup\m501.obj
125,m526.obj,Cup,5099,10124,Triangles,"{'min_bound': [0.025, 0.025, 0.025], 'max_bound': [0.975, 0.658894, 0.5]}",False,False,False,datasets/dataset_snippet_medium_resampled\Cup\m526.obj
126,D00330.obj,DeskLamp,4780,9074,Triangles,"{'min_bound': [-1.18276, -0.3531645, -0.191189], 'max_bound': [0.505399, 0.18123307, 0.183064]}",False,False,False,datasets/dataset_snippet_medium_resampled\DeskLamp\D00330.obj
127,D00531.obj,DeskLamp,4358,8908,Triangles,"{'min_bound': [-1.15289, -0.236515, -0.186329], 'max_bound': [0.699147, 0.29696309, 0.191789]}",False,False,False,datasets/dataset_snippet_medium_resampled\DeskLamp\D00531.obj
128,D00693.obj,DeskLamp,4765,9595,Triangles,"{'min_bound': [-1.07987, -0.23138, -0.309121], 'max_bound': [0.780756, 0.4341, 0.273299]}",False,False,False,datasets/dataset_snippet_medium_resampled\DeskLamp\D00693.obj
129,m603.obj,DeskLamp,4991,10034,Triangles,"{'min_bound': [0.02498422, 0.025, 0.025], 'max_bound': [0.583322, 0.846549, 0.975]}",False,False,False,datasets/dataset_snippet_medium_resampled\DeskLamp\m603.obj
130,m608.obj,DeskLamp,5110,10317,Triangles,"{'min_bound': [0.025, 0.02490354, 0.025], 'max_bound': [0.759984, 0.90819, 0.975]}",False,False,False,datasets/dataset_snippet_medium_resampled\DeskLamp\m608.obj
131,m613.obj,DeskLamp,4602,8960,Triangles,"{'min_bound': [0.025, 0.025, 0.025], 'max_bound': [0.975, 0.934536, 0.298021]}",False,False,False,datasets/dataset_snippet_medium_resampled\DeskLamp\m613.obj
132,D00154.obj,DeskPhone,5730,11241,Triangles,"{'min_bound': [-0.633179, -0.637106, -0.131654], 'max_bound': [0.967745, 0.42905, 0.10676961]}",False,False,False,datasets/dataset_snippet_medium_resampled\DeskPhone\D00154.obj
133,D00556.obj,DeskPhone,4185,8684,Triangles,"{'min_bound': [-0.851434, -0.497319, -0.430833], 'max_bound': [0.83715152, 0.91810137, 0.255611]}",False,False,False,datasets/dataset_snippet_medium_resampled\DeskPhone\D00556.obj
134,D00894.obj,DeskPhone,4202,9218,Triangles,"{'min_bound': [-1.01200784, -0.594093, -0.542462], 'max_bound': [0.56806199, 0.696047, 0.287657]}",False,False,False,datasets/dataset_snippet_medium_resampled\DeskPhone\D00894.obj
135,D00897.obj,DeskPhone,4624,9050,Triangles,"{'min_bound': [-1.01857702, -0.589814, -0.23928747], 'max_bound': [0.87207279, 0.35338831, 0.1649151]}",False,False,False,datasets/dataset_snippet_medium_resampled\DeskPhone\D00897.obj
136,D00958.obj,DeskPhone,5845,8135,Triangles,"{'min_bound': [-0.87830569, -0.70794849, -0.37927454], 'max_bound': [0.84061959, 0.8251262, 0.264976]}",False,False,False,datasets/dataset_snippet_medium_resampled\DeskPhone\D00958.obj
137,D01058.obj,Door,4283,8867,Triangles,"{'min_bound': [0.025, 0.025, 0.025], 'max_bound': [0.521695, 0.97531449, 0.115777]}",False,False,False,datasets/dataset_snippet_medium_resampled\Door\D01058.obj
138,D01141.obj,Door,4386,8639,Triangles,"{'min_bound': [0.025, 0.025, 0.025], 'max_bound': [0.48635, 0.975, 0.135169]}",False,False,False,datasets/dataset_snippet_medium_resampled\Door\D01141.obj
140,m1716.obj,Door,4405,8639,Triangles,"{'min_bound': [0.025, 0.025, 0.025], 'max_bound': [0.48635, 0.975, 0.135169]}",False,False,False,datasets/dataset_snippet_medium_resampled\Door\m1716.obj
141,m1717.obj,Door,4278,8867,Triangles,"{'min_bound': [0.025, 0.025, 0.025], 'max_bound': [0.521695, 0.97862767, 0.115777]}",False,False,False,datasets/dataset_snippet_medium_resampled\Door\m1717.obj
142,m1723.obj,Door,5306,11288,Triangles,"{'min_bound': [0.025, 0.025, 0.025], 'max_bound': [0.857435, 0.975, 0.104125]}",False,False,False,datasets/dataset_snippet_medium_resampled\Door\m1723.obj
143,m1726.obj,Door,4686,9273,Triangles,"{'min_bound': [0.025, 0.025, 0.025], 'max_bound': [0.950965, 0.975, 0.15807]}",False,False,False,datasets/dataset_snippet_medium_resampled\Door\m1726.obj
144,D00026.obj,Drum,5506,32541,Triangles,"{'min_bound': [-0.162762, -0.171664, -0.001215], 'max_bound': [0.164431, 0.150061, 0.705]}",False,False,False,datasets/dataset_snippet_medium_resampled\Drum\D00026.obj
145,D00063.obj,Drum,4980,31008,Triangles,"{'min_bound': [0.822257, 0.454092, 0.512763], 'max_bound': [1.57793, 1.20977, 1.08903]}",False,False,False,datasets/dataset_snippet_medium_resampled\Drum\D00063.obj
146,D00115.obj,Drum,4259,25584,Triangles,"{'min_bound': [0.538248, -0.41518599, -0.271338], 'max_bound': [1.751362, 0.68598899, 0.427939]}",False,False,False,datasets/dataset_snippet_medium_resampled\Drum\D00115.obj
147,D00551.obj,Drum,4098,25152,Triangles,"{'min_bound': [2.50802, 1.011902, 0.0], 'max_bound': [3.164967, 2.464058, 1.452156]}",False,False,False,datasets/dataset_snippet_medium_resampled\Drum\D00551.obj
148,D00557.obj,Drum,4839,30843,Triangles,"{'min_bound': [-0.030871, 0.106069, -0.02540006], 'max_bound': [0.508717, 0.799067, 0.6604]}",False,False,False,datasets/dataset_snippet_medium_resampled\Drum\D00557.obj
149,D00596.obj,Drum,4438,29169,Triangles,"{'min_bound': [-2.290357, -2.290357, -3.484019], 'max_bound': [2.27787275, 2.290357, 3.037768]}",False,False,False,datasets/dataset_snippet_medium_resampled\Drum\D00596.obj
150,D00709.obj,Drum,5634,33792,Triangles,"{'min_bound': [1.73893, 1.34997, 0.304391], 'max_bound': [1.99154, 1.60258, 0.380591]}",False,False,False,datasets/dataset_snippet_medium_resampled\Drum\D00709.obj
151,D00022.obj,Fish,4465,8950,Triangles,"{'min_bound': [-1.13572, -0.372513, -0.253468], 'max_bound': [0.68687232, 0.440886, 0.2410195]}",False,False,False,datasets/dataset_snippet_medium_resampled\Fish\D00022.obj
152,D00030.obj,Fish,4397,8646,Triangles,"{'min_bound': [-0.69123297, -0.306382, -0.194262], 'max_bound': [1.0599, 0.336207, 0.197573]}",False,False,False,datasets/dataset_snippet_medium_resampled\Fish\D00030.obj
153,D00142.obj,Fish,5081,10359,Triangles,"{'min_bound': [-0.58747229, -0.527408, -0.336707], 'max_bound': [1.10759, 0.443986, 0.301658]}",False,False,False,datasets/dataset_snippet_medium_resampled\Fish\D00142.obj
154,D00165.obj,Fish,4264,7130,Triangles,"{'min_bound': [-0.721566, -0.289676, -0.300528], 'max_bound': [1.05587, 0.333963, 0.315419]}",False,False,False,datasets/dataset_snippet_medium_resampled\Fish\D00165.obj
155,D00351.obj,Fish,5350,10874,Triangles,"{'min_bound': [-1.11799, -0.415913, -0.311242], 'max_bound': [0.60743578, 0.470559, 0.312823]}",False,False,False,datasets/dataset_snippet_medium_resampled\Fish\D00351.obj
156,D00748.obj,Fish,5046,8098,Triangles,"{'min_bound': [-1.05002, -0.40181, -0.263805], 'max_bound': [0.736929, 0.303088, 0.253426]}",False,False,False,datasets/dataset_snippet_medium_resampled\Fish\D00748.obj
157,D00950.obj,Fish,5633,11363,Triangles,"{'min_bound': [-1.00476, -0.320455, -0.549373], 'max_bound': [0.65371048, 0.364624, 0.553003]}",False,False,False,datasets/dataset_snippet_medium_resampled\Fish\D00950.obj
158,D00400.obj,FloorLamp,4731,9290,Triangles,"{'min_bound': [-0.757635, -0.465739, -0.466686], 'max_bound': [0.821496, 0.486915, 0.485898]}",False,False,False,datasets/dataset_snippet_medium_resampled\FloorLamp\D00400.obj
159,D00495.obj,FloorLamp,4282,8487,Triangles,"{'min_bound': [-0.87269, -0.515695, -0.311082], 'max_bound': [0.400885, 0.357133, 0.360995]}",False,False,False,datasets/dataset_snippet_medium_resampled\FloorLamp\D00495.obj
160,D00563.obj,FloorLamp,4976,9916,Triangles,"{'min_bound': [-0.90694344, -0.509476, -0.511188], 'max_bound': [0.585602, 0.51286, 0.510969]}",True,False,False,datasets/dataset_snippet_medium_resampled\FloorLamp\D00563.obj
161,D00888.obj,FloorLamp,4975,10168,Triangles,"{'min_bound': [-0.91812, -0.369781, -0.503533], 'max_bound': [0.8264, 0.6119, 0.487681]}",False,False,False,datasets/dataset_snippet_medium_resampled\FloorLamp\D00888.obj
162,D00924.obj,FloorLamp,4841,9654,Triangles,"{'min_bound': [-0.817161, -0.181757, -0.178642], 'max_bound': [0.84335679, 0.383434, 0.385212]}",False,False,False,datasets/dataset_snippet_medium_resampled\FloorLamp\D00924.obj
163,m618.obj,FloorLamp,4477,9048,Triangles,"{'min_bound': [0.025, 0.025, 0.025], 'max_bound': [0.134223, 0.975, 0.134222]}",False,False,False,datasets/dataset_snippet_medium_resampled\FloorLamp\m618.obj
164,m621.obj,FloorLamp,5792,11977,Triangles,"{'min_bound': [0.025, 0.02499993, 0.025], 'max_bound': [0.144523, 0.975, 0.144523]}",False,False,False,datasets/dataset_snippet_medium_resampled\FloorLamp\m621.obj
165,D00050.obj,Glasses,5652,11300,Triangles,"{'min_bound': [-0.731417, -0.349702, -0.156199], 'max_bound': [0.570185, 0.931312, 0.169875]}",True,False,False,datasets/dataset_snippet_medium_resampled\Glasses\D00050.obj
166,D00432.obj,Glasses,5814,11200,Triangles,"{'min_bound': [-0.820419, -1.05912, -0.181248], 'max_bound': [0.744221, 0.462371, 0.089982]}",False,False,False,datasets/dataset_snippet_medium_resampled\Glasses\D00432.obj
167,D00475.obj,Glasses,4159,8656,Triangles,"{'min_bound': [-0.80163, -0.587238, -0.108938], 'max_bound': [0.310515, 0.393097, 0.258456]}",False,False,False,datasets/dataset_snippet_medium_resampled\Glasses\D00475.obj
168,D00813.obj,Glasses,5163,10756,Triangles,"{'min_bound': [-0.592931, -0.442166, -0.220315], 'max_bound': [0.650733, 0.640606, 0.23731]}",False,False,False,datasets/dataset_snippet_medium_resampled\Glasses\D00813.obj
169,D00877.obj,Glasses,4748,10117,Triangles,"{'min_bound': [-0.79948917, -0.656923, -0.26252665], 'max_bound': [0.607667, 0.660164, 0.14246]}",False,False,False,datasets/dataset_snippet_medium_resampled\Glasses\D00877.obj
170,D00883.obj,Glasses,4988,10787,Triangles,"{'min_bound': [-0.853306, -0.29359, -0.056078], 'max_bound': [0.503224, 1.06838263, 0.153361]}",False,False,False,datasets/dataset_snippet_medium_resampled\Glasses\D00883.obj
171,D00937.obj,Glasses,4316,8780,Triangles,"{'min_bound': [-0.525878, -0.389073, -0.151849], 'max_bound': [0.778809, 0.892906, 0.109602]}",False,False,False,datasets/dataset_snippet_medium_resampled\Glasses\D00937.obj
172,D00023.obj,Guitar,4489,9628,Triangles,"{'min_bound': [-0.79864176, -0.26249704, -0.054427], 'max_bound': [0.75122045, 0.27479, 0.10977]}",False,False,False,datasets/dataset_snippet_medium_resampled\Guitar\D00023.obj
173,D00416.obj,Guitar,4694,9044,Triangles,"{'min_bound': [-0.872283, -0.288835, -0.093521], 'max_bound': [0.587531, 0.2832, 0.055506]}",False,False,False,datasets/dataset_snippet_medium_resampled\Guitar\D00416.obj
175,D00534.obj,Guitar,4986,10244,Triangles,"{'min_bound': [-0.72636197, -0.239725, -0.08063], 'max_bound': [0.720691, 0.22769903, 0.07686]}",False,False,False,datasets/dataset_snippet_medium_resampled\Guitar\D00534.obj
176,D00549.obj,Guitar,5140,9842,Triangles,"{'min_bound': [-0.663169, -0.27972277, -0.021161], 'max_bound': [0.85627875, 0.14536608, 0.06094171]}",False,False,False,datasets/dataset_snippet_medium_resampled\Guitar\D00549.obj
177,D00655.obj,Guitar,5530,10792,Triangles,"{'min_bound': [-0.774865, -0.305031, -0.015852], 'max_bound': [0.791883, 0.309747, 0.029027]}",False,False,False,datasets/dataset_snippet_medium_resampled\Guitar\D00655.obj
178,D00282.obj,Gun,4984,10452,Triangles,"{'min_bound': [-1.08173, -0.26885901, -0.13166806], 'max_bound': [0.77885917, 0.45639398, 0.16774056]}",False,False,False,datasets/dataset_snippet_medium_resampled\Gun\D00282.obj
179,D00425.obj,Gun,5348,10405,Triangles,"{'min_bound': [-0.81687935, -0.40554177, -0.07638081], 'max_bound': [0.94891509, 0.48614103, 0.10687335]}",False,False,False,datasets/dataset_snippet_medium_resampled\Gun\D00425.obj
180,D00819.obj,Gun,4209,8238,Triangles,"{'min_bound': [-0.754944, -0.58459852, -0.132595], 'max_bound': [0.99718246, 0.30469358, 0.13437669]}",False,False,False,datasets/dataset_snippet_medium_resampled\Gun\D00819.obj
181,m668.obj,Gun,5316,10184,Triangles,"{'min_bound': [0.025, 0.025, 0.025], 'max_bound': [0.095224, 0.307539, 0.975]}",False,False,False,datasets/dataset_snippet_medium_resampled\Gun\m668.obj
182,m671.obj,Gun,4653,9216,Triangles,"{'min_bound': [0.025, 0.025, 0.025], 'max_bound': [0.075425, 0.237805, 0.975]}",False,False,False,datasets/dataset_snippet_medium_resampled\Gun\m671.obj
183,m675.obj,Gun,5589,10272,Triangles,"{'min_bound': [0.025, 0.025, 0.025], 'max_bound': [0.975, 0.274906, 0.114237]}",False,False,False,datasets/dataset_snippet_medium_resampled\Gun\m675.obj
184,m685.obj,Gun,4336,8800,Triangles,"{'min_bound': [0.025, 0.025, 0.025], 'max_bound': [0.187948, 0.337259, 0.975]}",False,False,False,datasets/dataset_snippet_medium_resampled\Gun\m685.obj
185,D01060.obj,Hand,5853,11312,Triangles,"{'min_bound': [0.025, 0.025, 0.025], 'max_bound': [0.426691, 0.975, 0.525357]}",False,False,False,datasets/dataset_snippet_medium_resampled\Hand\D01060.obj
186,D01193.obj,Hand,4127,8600,Triangles,"{'min_bound': [0.025, 0.025, 0.025], 'max_bound': [0.775154, 0.395345, 0.975]}",False,False,False,datasets/dataset_snippet_medium_resampled\Hand\D01193.obj
187,D01198.obj,Hand,4827,10768,Triangles,"{'min_bound': [0.025, 0.025, 0.025], 'max_bound': [0.245675, 0.179601, 0.975]}",False,False,False,datasets/dataset_snippet_medium_resampled\Hand\D01198.obj
188,m327.obj,Hand,4123,8600,Triangles,"{'min_bound': [0.025, 0.025, 0.025], 'max_bound': [0.775154, 0.395345, 0.975]}",False,False,False,datasets/dataset_snippet_medium_resampled\Hand\m327.obj
189,m330.obj,Hand,5785,13404,Triangles,"{'min_bound': [0.025, 0.025, 0.025], 'max_bound': [0.975, 0.39912, 0.522038]}",False,False,False,datasets/dataset_snippet_medium_resampled\Hand\m330.obj
190,m332.obj,Hand,4786,9568,Triangles,"{'min_bound': [0.025, 0.025, 0.025], 'max_bound': [0.858363, 0.783293, 0.975]}",True,False,False,datasets/dataset_snippet_medium_resampled\Hand\m332.obj
191,m336.obj,Hand,5350,15718,Triangles,"{'min_bound': [0.025, 0.025, 0.02811108], 'max_bound': [0.572276, 0.346703, 0.975]}",False,False,False,datasets/dataset_snippet_medium_resampled\Hand\m336.obj
192,m1628.obj,Hat,4123,8259,Triangles,"{'min_bound': [0.025, 0.025, 0.025], 'max_bound': [0.79079105, 0.5555326, 0.975]}",False,False,False,datasets/dataset_snippet_medium_resampled\Hat\m1628.obj
193,m1631.obj,Hat,5225,9654,Triangles,"{'min_bound': [0.025, 0.025, 0.025], 'max_bound': [0.854637, 0.4884751, 0.975]}",False,False,False,datasets/dataset_snippet_medium_resampled\Hat\m1631.obj
194,m1633.obj,Hat,5441,10612,Triangles,"{'min_bound': [0.025, 0.025, 0.025], 'max_bound': [0.505742, 0.849176, 0.975]}",False,False,False,datasets/dataset_snippet_medium_resampled\Hat\m1633.obj
195,m1635.obj,Hat,5071,10190,Triangles,"{'min_bound': [0.025, 0.025, 0.025], 'max_bound': [0.844032, 0.698107, 0.975]}",False,False,False,datasets/dataset_snippet_medium_resampled\Hat\m1635.obj
196,m1636.obj,Hat,4630,9496,Triangles,"{'min_bound': [0.025, 0.025, 0.025], 'max_bound': [0.893712, 0.898678, 0.975]}",False,False,False,datasets/dataset_snippet_medium_resampled\Hat\m1636.obj
197,m1638.obj,Hat,4297,8642,Triangles,"{'min_bound': [0.025063, 0.02492297, 0.025079], 'max_bound': [0.789762, 0.48454096, 0.97501787]}",False,False,False,datasets/dataset_snippet_medium_resampled\Hat\m1638.obj
198,m1639.obj,Hat,5070,11199,Triangles,"{'min_bound': [0.025, 0.025, 0.025], 'max_bound': [0.664693, 0.975, 0.892742]}",False,False,False,datasets/dataset_snippet_medium_resampled\Hat\m1639.obj
199,D00470.obj,Helicopter,5067,10360,Triangles,"{'min_bound': [-1.04656, -0.42455994, -0.438505], 'max_bound': [0.75960375, 0.8012115, 0.212143]}",False,False,False,datasets/dataset_snippet_medium_resampled\Helicopter\D00470.obj
200,D00498.obj,Helicopter,4074,9619,Triangles,"{'min_bound': [-1.05983, -0.649526, -0.184428], 'max_bound': [0.718282, 0.6884, 0.297431]}",False,False,False,datasets/dataset_snippet_medium_resampled\Helicopter\D00498.obj
201,D00500.obj,Helicopter,4588,8222,Triangles,"{'min_bound': [-1.02993, -0.9081, -0.25265042], 'max_bound': [0.754817, 0.459728, 0.219288]}",False,False,False,datasets/dataset_snippet_medium_resampled\Helicopter\D00500.obj
202,D00658.obj,Helicopter,4532,9251,Triangles,"{'min_bound': [-0.730894, -0.551787, -0.328449], 'max_bound': [1.0857, 0.834034, 0.248646]}",False,False,False,datasets/dataset_snippet_medium_resampled\Helicopter\D00658.obj
203,m1329.obj,Helicopter,4844,9767,Triangles,"{'min_bound': [0.025, 0.025, 0.025], 'max_bound': [0.787129, 0.574544, 0.975]}",False,False,False,datasets/dataset_snippet_medium_resampled\Helicopter\m1329.obj
204,m1336.obj,Helicopter,4674,9288,Triangles,"{'min_bound': [0.025, 0.025, 0.025], 'max_bound': [0.740421, 0.286153, 0.975]}",True,False,False,datasets/dataset_snippet_medium_resampled\Helicopter\m1336.obj
205,D00325.obj,House,5923,11939,Triangles,"{'min_bound': [-0.61246152, -0.782742, -0.944942], 'max_bound': [1.00306, 0.784967, 0.684138]}",False,False,False,datasets/dataset_snippet_medium_resampled\House\D00325.obj
207,D00941.obj,House,4428,7809,Triangles,"{'min_bound': [-0.763097, -0.626248, -0.364247], 'max_bound': [1.00679, 0.21860051, 0.427775]}",False,False,False,datasets/dataset_snippet_medium_resampled\House\D00941.obj
208,m435.obj,House,4299,8824,Triangles,"{'min_bound': [0.025, 0.025, 0.025], 'max_bound': [0.975, 0.345625, 0.5]}",False,False,False,datasets/dataset_snippet_medium_resampled\House\m435.obj
209,m440.obj,House,5028,10146,Triangles,"{'min_bound': [0.025, 0.025, 0.025], 'max_bound': [0.651804, 0.465722, 0.975]}",False,False,False,datasets/dataset_snippet_medium_resampled\House\m440.obj
210,m447.obj,House,5266,9928,Triangles,"{'min_bound': [0.025, 0.025, 0.025], 'max_bound': [0.975, 0.476412, 0.465257]}",False,False,False,datasets/dataset_snippet_medium_resampled\House\m447.obj
211,D00013.obj,HumanHead,5243,30981,Triangles,"{'min_bound': [-3.80574, -0.905669, 15.1802], 'max_bound': [-1.68524, 1.57128, 18.3088]}",False,False,False,datasets/dataset_snippet_medium_resampled\HumanHead\D00013.obj
212,D00072.obj,HumanHead,5284,31161,Triangles,"{'min_bound': [-1.97504, -0.950931, 0.004771], 'max_bound': [-0.280246, 0.917072, 2.4266]}",False,False,False,datasets/dataset_snippet_medium_resampled\HumanHead\D00072.obj
213,D00629.obj,HumanHead,5760,37443,Triangles,"{'min_bound': [-2.239233, -3.131511, 0.316565], 'max_bound': [-0.927381, -1.919931, 1.807713]}",False,False,False,datasets/dataset_snippet_medium_resampled\HumanHead\D00629.obj
214,D00910.obj,HumanHead,5339,32088,Triangles,"{'min_bound': [-0.934193, -0.306695, 0.0], 'max_bound': [0.934193, 1.70131, 2.31578]}",False,False,False,datasets/dataset_snippet_medium_resampled\HumanHead\D00910.obj
215,m359.obj,HumanHead,4910,9872,Triangles,"{'min_bound': [0.025, 0.025, 0.025], 'max_bound': [0.848333, 0.959167, 0.975]}",False,False,False,datasets/dataset_snippet_medium_resampled\HumanHead\m359.obj
216,m363.obj,HumanHead,4806,10108,Triangles,"{'min_bound': [0.025, 0.025, 0.025], 'max_bound': [0.713112, 0.975, 0.895097]}",False,False,False,datasets/dataset_snippet_medium_resampled\HumanHead\m363.obj
217,m365.obj,HumanHead,4241,8478,Triangles,"{'min_bound': [0.02513125, 0.02509936, 0.02518687], 'max_bound': [0.823412, 0.97493674, 0.68615321]}",True,False,False,datasets/dataset_snippet_medium_resampled\HumanHead\m365.obj
218,m134.obj,Humanoid,4987,10227,Triangles,"{'min_bound': [0.025, 0.025, 0.025], 'max_bound': [0.237936, 0.975, 0.184611]}",False,False,False,datasets/dataset_snippet_medium_resampled\Humanoid\m134.obj
219,m217.obj,Humanoid,4289,10139,Triangles,"{'min_bound': [0.025, 0.025, 0.025], 'max_bound': [0.326559, 0.975, 0.291927]}",False,False,False,datasets/dataset_snippet_medium_resampled\Humanoid\m217.obj
220,m241.obj,Humanoid,5106,9856,Triangles,"{'min_bound': [0.025, 0.025, 0.025], 'max_bound': [0.798532, 0.975, 0.336804]}",False,False,False,datasets/dataset_snippet_medium_resampled\Humanoid\m241.obj
221,m252.obj,Humanoid,4765,9461,Triangles,"{'min_bound': [0.025, 0.025, 0.025], 'max_bound': [0.975, 0.97059526, 0.25358413]}",False,False,False,datasets/dataset_snippet_medium_resampled\Humanoid\m252.obj
222,m253.obj,Humanoid,5799,11368,Triangles,"{'min_bound': [0.02502191, 0.02487595, 0.025], 'max_bound': [0.71742045, 0.975, 0.24255]}",False,False,False,datasets/dataset_snippet_medium_resampled\Humanoid\m253.obj
223,m255.obj,Humanoid,5690,12119,Triangles,"{'min_bound': [0.02472878, 0.02497328, 0.025], 'max_bound': [0.94527829, 0.974677, 0.1803877]}",False,False,False,datasets/dataset_snippet_medium_resampled\Humanoid\m255.obj
224,m266.obj,Humanoid,4281,8528,Triangles,"{'min_bound': [0.025, 0.025, 0.025], 'max_bound': [0.31278, 0.975, 0.893268]}",False,False,False,datasets/dataset_snippet_medium_resampled\Humanoid\m266.obj
225,D00109.obj,Insect,5471,10405,Triangles,"{'min_bound': [-0.8465975, -0.6152905, -0.425006], 'max_bound': [0.840154, 0.764062, 0.612028]}",False,False,False,datasets/dataset_snippet_medium_resampled\Insect\D00109.obj
226,D00117.obj,Insect,5090,9732,Triangles,"{'min_bound': [-1.04016, -0.571054, -0.604933], 'max_bound': [0.651547, 0.792275, 0.257883]}",False,False,False,datasets/dataset_snippet_medium_resampled\Insect\D00117.obj
227,D00672.obj,Insect,5698,11017,Triangles,"{'min_bound': [-1.04573, -0.573711, -0.302292], 'max_bound': [0.752024, 0.707397, 0.35025]}",False,False,False,datasets/dataset_snippet_medium_resampled\Insect\D00672.obj
228,D00732.obj,Insect,5905,11726,Triangles,"{'min_bound': [-0.925133, -0.90031294, -0.320589], 'max_bound': [0.772863, 0.605074, 0.48605]}",True,False,False,datasets/dataset_snippet_medium_resampled\Insect\D00732.obj
229,D00753.obj,Insect,4993,9774,Triangles,"{'min_bound': [-0.63167369, -0.38353798, -0.35373398], 'max_bound': [0.889711, 0.4136433, 0.46629027]}",False,False,False,datasets/dataset_snippet_medium_resampled\Insect\D00753.obj
230,m24.obj,Insect,4397,8904,Triangles,"{'min_bound': [0.025, 0.025, 0.025], 'max_bound': [0.975, 0.42875, 0.85625]}",False,False,False,datasets/dataset_snippet_medium_resampled\Insect\m24.obj
231,m1159.obj,Jet,4514,9443,Triangles,"{'min_bound': [0.025, 0.02404896, 0.025], 'max_bound': [0.922454, 0.4138191, 0.975]}",False,False,False,datasets/dataset_snippet_medium_resampled\Jet\m1159.obj
232,m1185.obj,Jet,4865,10567,Triangles,"{'min_bound': [0.025, 0.02592134, 0.025], 'max_bound': [0.470517, 0.2465305, 0.975]}",False,False,False,datasets/dataset_snippet_medium_resampled\Jet\m1185.obj
233,m1190.obj,Jet,4429,9782,Triangles,"{'min_bound': [0.02702356, 0.025, 0.025], 'max_bound': [0.6815795, 0.31738331, 0.9690775]}",False,False,False,datasets/dataset_snippet_medium_resampled\Jet\m1190.obj
234,m1216.obj,Jet,4254,9624,Triangles,"{'min_bound': [0.025, 0.025, 0.025], 'max_bound': [0.669863, 0.22139111, 0.975]}",False,False,False,datasets/dataset_snippet_medium_resampled\Jet\m1216.obj
235,m1266.obj,Jet,5641,11085,Triangles,"{'min_bound': [0.025, 0.02620205, 0.02537125], 'max_bound': [0.975, 0.685512, 0.200851]}",False,False,False,datasets/dataset_snippet_medium_resampled\Jet\m1266.obj
236,m1275.obj,Jet,5276,9867,Triangles,"{'min_bound': [0.025, 0.025, 0.025], 'max_bound': [0.55428005, 0.975, 0.176995]}",False,False,False,datasets/dataset_snippet_medium_resampled\Jet\m1275.obj
237,m1292.obj,Jet,4995,9869,Triangles,"{'min_bound': [0.025, 0.025, 0.025], 'max_bound': [0.67148608, 0.975, 0.205772]}",False,False,False,datasets/dataset_snippet_medium_resampled\Jet\m1292.obj
238,D01025.obj,Knife,4649,28707,Triangles,"{'min_bound': [1.774911, 7.311093, -0.402575], 'max_bound': [11.114611, 9.347743, 0.637525]}",False,False,False,datasets/dataset_snippet_medium_resampled\Knife\D01025.obj
239,D01057.obj,Knife,5934,35937,Triangles,"{'min_bound': [-0.010521, 0.0, -0.040262], 'max_bound': [0.010521, 0.431865, 0.016401]}",False,False,False,datasets/dataset_snippet_medium_resampled\Knife\D01057.obj
240,D01174.obj,Knife,4121,26304,Triangles,"{'min_bound': [0.178714, 0.46065116, 0.1397], 'max_bound': [3.833533, 0.901198, 0.24765]}",False,False,False,datasets/dataset_snippet_medium_resampled\Knife\D01174.obj
241,D01187.obj,Knife,5642,31584,Triangles,"{'min_bound': [16962.545036, 13182.377609, 0.0], 'max_bound': [28346.939381, 31010.106228, 569.735899]}",False,False,False,datasets/dataset_snippet_medium_resampled\Knife\D01187.obj
242,m723.obj,Knife,5076,10136,Triangles,"{'min_bound': [0.025, 0.025, 0.025], 'max_bound': [0.352382, 0.088438, 0.975]}",True,False,False,datasets/dataset_snippet_medium_resampled\Knife\m723.obj
243,m726.obj,Knife,4537,9149,Triangles,"{'min_bound': [0.025, 0.025, 0.025], 'max_bound': [0.06534274, 0.31723, 0.975]}",False,False,False,datasets/dataset_snippet_medium_resampled\Knife\m726.obj
244,m727.obj,Knife,5087,10527,Triangles,"{'min_bound': [0.025, 0.025, 0.025], 'max_bound': [0.44271263, 0.975, 0.081071]}",False,False,False,datasets/dataset_snippet_medium_resampled\Knife\m727.obj
245,D00017.obj,MilitaryVehicle,4796,8258,Triangles,"{'min_bound': [-2.0, -0.484927, -0.3010285], 'max_bound': [0.707405, 0.592129, 0.256001]}",False,False,False,datasets/dataset_snippet_medium_resampled\MilitaryVehicle\D00017.obj
246,D00334.obj,MilitaryVehicle,5859,9972,Triangles,"{'min_bound': [-0.560917, -0.308145, -0.206032], 'max_bound': [1.07817, 0.354905, 0.435779]}",False,False,False,datasets/dataset_snippet_medium_resampled\MilitaryVehicle\D00334.obj
247,D00529.obj,MilitaryVehicle,5503,8715,Triangles,"{'min_bound': [-0.689553, -0.296937, -0.679688], 'max_bound': [0.990641, 0.40258638, 0.291566]}",False,False,False,datasets/dataset_snippet_medium_resampled\MilitaryVehicle\D00529.obj
248,D00611.obj,MilitaryVehicle,4390,8860,Triangles,"{'min_bound': [-0.908293, -0.410172, -0.271143], 'max_bound': [0.911727, 0.387056, 0.394438]}",False,False,False,datasets/dataset_snippet_medium_resampled\MilitaryVehicle\D00611.obj
249,D00799.obj,MilitaryVehicle,5200,10520,Triangles,"{'min_bound': [-0.685841, -0.694964, -0.370122], 'max_bound': [1.09352, 0.774278, 0.159248]}",False,False,False,datasets/dataset_snippet_medium_resampled\MilitaryVehicle\D00799.obj
250,D00933.obj,MilitaryVehicle,5301,6269,Triangles,"{'min_bound': [-0.61116331, -0.294837, -0.201711], 'max_bound': [1.06389464, 0.314281, 0.473183]}",False,False,False,datasets/dataset_snippet_medium_resampled\MilitaryVehicle\D00933.obj
251,D00141.obj,Monitor,4256,8964,Triangles,"{'min_bound': [-0.633022, -0.797377, -0.487189], 'max_bound': [0.995261, 0.965054, 0.266302]}",False,False,False,datasets/dataset_snippet_medium_resampled\Monitor\D00141.obj
252,D00339.obj,Monitor,5083,9508,Triangles,"{'min_bound': [-0.530858, -0.635985, -0.114764], 'max_bound': [0.824603, 0.663914, 0.394038]}",False,False,False,datasets/dataset_snippet_medium_resampled\Monitor\D00339.obj
253,D00852.obj,Monitor,4373,8396,Triangles,"{'min_bound': [-0.644759, -0.72964309, -0.820066], 'max_bound': [0.871323, 0.72486363, 0.490456]}",False,False,False,datasets/dataset_snippet_medium_resampled\Monitor\D00852.obj
254,D00915.obj,Monitor,4788,9598,Triangles,"{'min_bound': [-1.04248, -1.20218, -0.413366], 'max_bound': [0.547429, 0.388465, 0.378484]}",False,False,False,datasets/dataset_snippet_medium_resampled\Monitor\D00915.obj
255,D00919.obj,Monitor,4284,8416,Triangles,"{'min_bound': [-0.6975, -0.709662, -0.588155], 'max_bound': [0.857802, 0.525574, 0.221191]}",False,False,False,datasets/dataset_snippet_medium_resampled\Monitor\D00919.obj
256,D00920.obj,Monitor,5007,10214,Triangles,"{'min_bound': [-0.658699, -0.958221, -0.206781], 'max_bound': [1.11174, 0.331279, 0.237776]}",False,False,False,datasets/dataset_snippet_medium_resampled\Monitor\D00920.obj
257,D00011.obj,Monoplane,5770,11557,Triangles,"{'min_bound': [-1.04299, -0.984635, -0.255354], 'max_bound': [0.759531, 1.00171, 0.210928]}",False,False,False,datasets/dataset_snippet_medium_resampled\Monoplane\D00011.obj
258,D00098.obj,Monoplane,5931,11726,Triangles,"{'min_bound': [-0.743406, -0.913099, -0.289175], 'max_bound': [0.986698, 0.879603, 0.125429]}",False,False,False,datasets/dataset_snippet_medium_resampled\Monoplane\D00098.obj
259,D00262.obj,Monoplane,5024,9878,Triangles,"{'min_bound': [-0.784459, -0.487582, -0.144615], 'max_bound': [0.938899, 0.494195, 0.273421]}",False,False,False,datasets/dataset_snippet_medium_resampled\Monoplane\D00262.obj
260,D00482.obj,Monoplane,4201,7750,Triangles,"{'min_bound': [-0.616611, -0.978597, -0.200243], 'max_bound': [0.710611, 0.983043, 0.154089]}",False,False,False,datasets/dataset_snippet_medium_resampled\Monoplane\D00482.obj
261,D00840.obj,Monoplane,4487,9548,Triangles,"{'min_bound': [-0.814967, -0.934112, -0.18399096], 'max_bound': [0.977381, 0.86622502, 0.13741758]}",False,False,False,datasets/dataset_snippet_medium_resampled\Monoplane\D00840.obj
262,D00864.obj,Monoplane,4080,8443,Triangles,"{'min_bound': [-0.672871, -0.88147, -0.126342], 'max_bound': [0.559821, 0.889466, 0.285313]}",False,False,False,datasets/dataset_snippet_medium_resampled\Monoplane\D00864.obj
263,D00995.obj,Monoplane,5401,10528,Triangles,"{'min_bound': [-1.00277, -0.539285, -0.053564], 'max_bound': [0.966309, 0.429996, 0.186259]}",False,False,False,datasets/dataset_snippet_medium_resampled\Monoplane\D00995.obj
264,D00021.obj,Motorcycle,4798,8947,Triangles,"{'min_bound': [-0.782274, -0.599836, -0.446144], 'max_bound': [0.9639772, 0.58957, 0.338896]}",False,False,False,datasets/dataset_snippet_medium_resampled\Motorcycle\D00021.obj
265,D00039.obj,Motorcycle,4510,8734,Triangles,"{'min_bound': [-0.873376, -0.6990438, -0.36508758], 'max_bound': [0.84992525, 0.562127, 0.37549734]}",False,False,False,datasets/dataset_snippet_medium_resampled\Motorcycle\D00039.obj
266,D00342.obj,Motorcycle,5735,10819,Triangles,"{'min_bound': [-0.89964732, -0.59032525, -0.38679519], 'max_bound': [0.87586537, 0.40550661, 0.35555033]}",False,False,False,datasets/dataset_snippet_medium_resampled\Motorcycle\D00342.obj
267,D00476.obj,Motorcycle,4679,7722,Triangles,"{'min_bound': [-0.98259975, -0.54899918, -0.70461488], 'max_bound': [0.9399312, 0.69521238, 0.25475375]}",False,False,False,datasets/dataset_snippet_medium_resampled\Motorcycle\D00476.obj
268,D00768.obj,Motorcycle,4485,9025,Triangles,"{'min_bound': [-0.840389, -0.7276052, -0.43390931], 'max_bound': [1.03392, 0.407357, 0.39540598]}",False,False,False,datasets/dataset_snippet_medium_resampled\Motorcycle\D00768.obj
269,m1481.obj,Motorcycle,5617,11602,Triangles,"{'min_bound': [0.025, 0.025, 0.025], 'max_bound': [0.348108, 0.578948, 0.975]}",False,False,False,datasets/dataset_snippet_medium_resampled\Motorcycle\m1481.obj
270,m1482.obj,Motorcycle,5060,10017,Triangles,"{'min_bound': [0.0249907, 0.02537268, 0.025], 'max_bound': [0.97503304, 0.33052368, 0.60982216]}",False,False,False,datasets/dataset_snippet_medium_resampled\Motorcycle\m1482.obj
271,D00760.obj,Mug,4376,8944,Triangles,"{'min_bound': [-0.70380362, -0.63993205, -0.86986507], 'max_bound': [0.5221349, 0.966653, 0.67485665]}",False,False,False,datasets/dataset_snippet_medium_resampled\Mug\D00760.obj
272,D00770.obj,Mug,5957,12918,Triangles,"{'min_bound': [-0.672088, -0.90385, -0.677665], 'max_bound': [0.993054, 0.62067451, 0.79215475]}",False,False,False,datasets/dataset_snippet_medium_resampled\Mug\D00770.obj
273,D00825.obj,Mug,4911,9876,Triangles,"{'min_bound': [-0.962805, -0.72804299, -0.680457], 'max_bound': [0.814625, 1.04458, 0.722059]}",False,False,False,datasets/dataset_snippet_medium_resampled\Mug\D00825.obj
274,D00833.obj,Mug,5553,11087,Triangles,"{'min_bound': [-0.83201, -0.551875, -0.583021], 'max_bound': [0.546515, 1.0109, 0.599757]}",False,False,False,datasets/dataset_snippet_medium_resampled\Mug\D00833.obj
275,m503.obj,Mug,5960,12323,Triangles,"{'min_bound': [0.025, 0.025, 0.02499907], 'max_bound': [0.885303, 0.975, 0.570795]}",False,False,False,datasets/dataset_snippet_medium_resampled\Mug\m503.obj
276,m507.obj,Mug,4491,9042,Triangles,"{'min_bound': [0.025, 0.025, 0.025], 'max_bound': [0.97500366, 0.69507051, 0.677239]}",False,False,False,datasets/dataset_snippet_medium_resampled\Mug\m507.obj
277,D00145.obj,MultiSeat,4791,9658,Triangles,"{'min_bound': [-0.896267, -0.530211, -0.426733], 'max_bound': [0.920748, 0.355447, 0.313458]}",False,False,False,datasets/dataset_snippet_medium_resampled\MultiSeat\D00145.obj
278,D00637.obj,MultiSeat,5200,10514,Triangles,"{'min_bound': [-0.93918, -0.461008, -0.547833], 'max_bound': [0.866812, 0.70665849, 0.446656]}",False,False,False,datasets/dataset_snippet_medium_resampled\MultiSeat\D00637.obj
279,m774.obj,MultiSeat,4821,9832,Triangles,"{'min_bound': [0.02426694, 0.025, 0.025], 'max_bound': [0.975, 0.975, 0.500001]}",False,False,False,datasets/dataset_snippet_medium_resampled\MultiSeat\m774.obj
280,m781.obj,MultiSeat,4642,9152,Triangles,"{'min_bound': [0.025, 0.025, 0.025], 'max_bound': [0.975, 0.640582, 0.442837]}",True,False,False,datasets/dataset_snippet_medium_resampled\MultiSeat\m781.obj
281,m782.obj,MultiSeat,4480,8959,Triangles,"{'min_bound': [0.025, 0.025, 0.025], 'max_bound': [0.975, 0.42384, 0.347871]}",False,False,False,datasets/dataset_snippet_medium_resampled\MultiSeat\m782.obj
282,m829.obj,MultiSeat,5516,11558,Triangles,"{'min_bound': [0.025, 0.025, 0.025], 'max_bound': [0.975, 0.321351, 0.357589]}",False,False,False,datasets/dataset_snippet_medium_resampled\MultiSeat\m829.obj
283,m629.obj,Musical_Instrument,5811,11262,Triangles,"{'min_bound': [0.025, 0.025, 0.0250026], 'max_bound': [0.975, 0.30035552, 0.06190409]}",True,False,False,datasets/dataset_snippet_medium_resampled\Musical_Instrument\m629.obj
284,m630.obj,Musical_Instrument,4694,9020,Triangles,"{'min_bound': [0.025, 0.025, 0.025], 'max_bound': [0.397421, 0.975, 0.118722]}",False,False,False,datasets/dataset_snippet_medium_resampled\Musical_Instrument\m630.obj
286,m632.obj,Musical_Instrument,5078,10634,Triangles,"{'min_bound': [0.02499957, 0.025, 0.02452234], 'max_bound': [0.36533365, 0.97710892, 0.110594]}",False,False,False,datasets/dataset_snippet_medium_resampled\Musical_Instrument\m632.obj
287,m637.obj,Musical_Instrument,4317,8294,Triangles,"{'min_bound': [0.02492758, 0.02501824, 0.02478209], 'max_bound': [0.975, 0.0822086, 0.312649]}",False,False,False,datasets/dataset_snippet_medium_resampled\Musical_Instrument\m637.obj
289,m646.obj,Musical_Instrument,5637,11224,Triangles,"{'min_bound': [0.025, 0.025, 0.025], 'max_bound': [0.667908, 0.698324, 0.975]}",False,False,False,datasets/dataset_snippet_medium_resampled\Musical_Instrument\m646.obj
290,D00185.obj,NonWheelChair,5507,10817,Triangles,"{'min_bound': [-0.619775, -0.480944, -0.29797], 'max_bound': [1.14922, 0.586934, 1.04691]}",False,False,False,datasets/dataset_snippet_medium_resampled\NonWheelChair\D00185.obj
291,m793.obj,NonWheelChair,4725,9219,Triangles,"{'min_bound': [0.025, 0.025, 0.025], 'max_bound': [0.884711, 0.975, 0.770083]}",False,False,False,datasets/dataset_snippet_medium_resampled\NonWheelChair\m793.obj
292,m795.obj,NonWheelChair,5609,11726,Triangles,"{'min_bound': [0.02490653, 0.02469631, 0.02499998], 'max_bound': [0.394515, 0.97499961, 0.549249]}",False,False,False,datasets/dataset_snippet_medium_resampled\NonWheelChair\m795.obj
293,m804.obj,NonWheelChair,4614,9056,Triangles,"{'min_bound': [0.025, 0.025, 0.025], 'max_bound': [0.702184, 0.975, 0.669041]}",False,False,False,datasets/dataset_snippet_medium_resampled\NonWheelChair\m804.obj
294,m813.obj,NonWheelChair,5295,10215,Triangles,"{'min_bound': [0.025, 0.025, 0.02171102], 'max_bound': [0.402684, 0.98920792, 0.416284]}",False,False,False,datasets/dataset_snippet_medium_resampled\NonWheelChair\m813.obj
295,m819.obj,NonWheelChair,4181,8198,Triangles,"{'min_bound': [0.025, 0.02498612, 0.025], 'max_bound': [0.483371, 0.975, 0.505608]}",False,False,False,datasets/dataset_snippet_medium_resampled\NonWheelChair\m819.obj
296,m822.obj,NonWheelChair,4786,10458,Triangles,"{'min_bound': [0.025, 0.025, 0.025], 'max_bound': [0.497961, 0.97499907, 0.528479]}",False,False,False,datasets/dataset_snippet_medium_resampled\NonWheelChair\m822.obj
297,D00008.obj,PianoBoard,5695,35016,Triangles,"{'min_bound': [2.480693, 0.916081, 0.0], 'max_bound': [3.207958, 2.298475, 0.95426]}",False,False,False,datasets/dataset_snippet_medium_resampled\PianoBoard\D00008.obj
298,D00104.obj,PianoBoard,4627,28440,Triangles,"{'min_bound': [1.706209, 8.733145, -0.000868], 'max_bound': [3.774599, 9.488106, 1.496]}",False,False,False,datasets/dataset_snippet_medium_resampled\PianoBoard\D00104.obj
300,D00332.obj,PianoBoard,4692,24960,Triangles,"{'min_bound': [0.0, -0.5588, 0.0], 'max_bound': [1.4732, 0.0, 1.143]}",False,False,False,datasets/dataset_snippet_medium_resampled\PianoBoard\D00332.obj
301,D00623.obj,PianoBoard,5694,32637,Triangles,"{'min_bound': [-0.00323212, -0.117475, 0.0], 'max_bound': [1.52723, 0.593195, 0.863484]}",False,False,False,datasets/dataset_snippet_medium_resampled\PianoBoard\D00623.obj
302,D00755.obj,PianoBoard,5704,34482,Triangles,"{'min_bound': [33.6835, -272.329, 1.94], 'max_bound': [131.834, -55.6096, 149.102]}",False,False,False,datasets/dataset_snippet_medium_resampled\PianoBoard\D00755.obj
303,D00087.obj,PlantIndoors,5948,9932,Triangles,"{'min_bound': [-0.642902, -0.64049, -0.66054], 'max_bound': [1.06244, 1.051085, 0.683845]}",False,False,False,datasets/dataset_snippet_medium_resampled\PlantIndoors\D00087.obj
304,m1004.obj,PlantIndoors,5773,7523,Triangles,"{'min_bound': [0.089251, 0.09453315, 0.094835], 'max_bound': [0.916395, 0.744809, 0.804354]}",False,False,False,datasets/dataset_snippet_medium_resampled\PlantIndoors\m1004.obj
305,m1005.obj,PlantIndoors,5835,4712,Triangles,"{'min_bound': [0.025, 0.02499914, 0.025], 'max_bound': [0.485501, 0.975, 0.490785]}",False,False,False,datasets/dataset_snippet_medium_resampled\PlantIndoors\m1005.obj
306,m1006.obj,PlantIndoors,5814,8838,Triangles,"{'min_bound': [0.130044, 0.02499991, 0.128139], 'max_bound': [0.870425, 0.507121, 0.833048]}",False,False,False,datasets/dataset_snippet_medium_resampled\PlantIndoors\m1006.obj
307,m1010.obj,PlantIndoors,4439,5045,Triangles,"{'min_bound': [0.064036, 0.02499929, 0.05219], 'max_bound': [0.935965, 0.691784, 0.776349]}",False,False,False,datasets/dataset_snippet_medium_resampled\PlantIndoors\m1010.obj
308,m1016.obj,PlantIndoors,5305,7921,Triangles,"{'min_bound': [0.025, 0.025, 0.025], 'max_bound': [0.741253, 0.975, 0.619754]}",False,False,False,datasets/dataset_snippet_medium_resampled\PlantIndoors\m1016.obj
309,m1030.obj,PlantIndoors,4253,11072,Triangles,"{'min_bound': [0.025, 0.025, 0.025], 'max_bound': [0.975, 0.664002, 0.890516]}",False,False,False,datasets/dataset_snippet_medium_resampled\PlantIndoors\m1030.obj
310,m961.obj,PlantWildNonTree,4415,6686,Triangles,"{'min_bound': [0.0314175, 0.025, 0.025], 'max_bound': [0.963649, 0.586954, 0.892779]}",False,False,False,datasets/dataset_snippet_medium_resampled\PlantWildNonTree\m961.obj
311,m967.obj,PlantWildNonTree,4340,5798,Triangles,"{'min_bound': [0.02653275, 0.025, 0.025086], 'max_bound': [0.1987815, 0.47073087, 0.9749925]}",False,False,False,datasets/dataset_snippet_medium_resampled\PlantWildNonTree\m967.obj
312,m972.obj,PlantWildNonTree,5914,6869,Triangles,"{'min_bound': [0.025074, 0.025, 0.025013], 'max_bound': [0.975, 0.6126875, 0.609769]}",False,False,False,datasets/dataset_snippet_medium_resampled\PlantWildNonTree\m972.obj
313,m974.obj,PlantWildNonTree,5656,10567,Triangles,"{'min_bound': [0.025, 0.025, 0.025], 'max_bound': [0.378277, 0.975, 0.215228]}",False,False,False,datasets/dataset_snippet_medium_resampled\PlantWildNonTree\m974.obj
314,m977.obj,PlantWildNonTree,5925,11816,Triangles,"{'min_bound': [0.025, 0.025, 0.025], 'max_bound': [0.570625, 0.975, 0.651253]}",False,False,False,datasets/dataset_snippet_medium_resampled\PlantWildNonTree\m977.obj
315,m983.obj,PlantWildNonTree,5008,9531,Triangles,"{'min_bound': [0.025, 0.025, 0.025], 'max_bound': [0.97343, 0.8266855, 0.975]}",False,False,False,datasets/dataset_snippet_medium_resampled\PlantWildNonTree\m983.obj
316,D00150.obj,Quadruped,5851,11528,Triangles,"{'min_bound': [-0.85824153, -0.690643, -0.322446], 'max_bound': [0.91940077, 0.57391628, 0.381308]}",False,False,False,datasets/dataset_snippet_medium_resampled\Quadruped\D00150.obj
317,D00934.obj,Quadruped,4942,10885,Triangles,"{'min_bound': [-0.924407, -0.687939, -0.202762], 'max_bound': [0.998297, 0.67884, 0.327952]}",False,False,False,datasets/dataset_snippet_medium_resampled\Quadruped\D00934.obj
318,m104.obj,Quadruped,4840,10116,Triangles,"{'min_bound': [0.025, 0.025, 0.025], 'max_bound': [0.975, 0.781594, 0.282277]}",False,False,False,datasets/dataset_snippet_medium_resampled\Quadruped\m104.obj
319,m273.obj,Quadruped,5057,10550,Triangles,"{'min_bound': [0.025, 0.025, 0.025], 'max_bound': [0.21044, 0.382048, 0.975]}",False,False,False,datasets/dataset_snippet_medium_resampled\Quadruped\m273.obj
320,m280.obj,Quadruped,4936,10790,Triangles,"{'min_bound': [0.025, 0.02460534, 0.02495855], 'max_bound': [0.761276, 0.975, 0.209958]}",False,False,False,datasets/dataset_snippet_medium_resampled\Quadruped\m280.obj
321,m92.obj,Quadruped,4955,10886,Triangles,"{'min_bound': [0.025, 0.025, 0.025], 'max_bound': [0.335514, 0.890256, 0.975]}",False,False,False,datasets/dataset_snippet_medium_resampled\Quadruped\m92.obj
322,m94.obj,Quadruped,4512,8686,Triangles,"{'min_bound': [-39746300.00000001, -172210000.00002858, -454395000.3941598], 'max_bound': [55866199.99999999, 21099000.00000006, 8049400.00000001]}",False,False,False,datasets/dataset_snippet_medium_resampled\Quadruped\m94.obj
323,D00678.obj,RectangleTable,4780,9586,Triangles,"{'min_bound': [-0.596297, -0.585292, -0.801175], 'max_bound': [0.773898, 0.496706, 0.370477]}",False,False,False,datasets/dataset_snippet_medium_resampled\RectangleTable\D00678.obj
324,m883.obj,RectangleTable,5514,11008,Triangles,"{'min_bound': [0.025, 0.025, 0.025], 'max_bound': [0.975, 0.975, 0.975]}",True,False,False,datasets/dataset_snippet_medium_resampled\RectangleTable\m883.obj
325,m891.obj,RectangleTable,5652,11288,Triangles,"{'min_bound': [0.025, 0.025, 0.025], 'max_bound': [0.975, 0.353995, 0.575336]}",False,False,False,datasets/dataset_snippet_medium_resampled\RectangleTable\m891.obj
326,m895.obj,RectangleTable,5457,10886,Triangles,"{'min_bound': [0.025, 0.025, 0.025], 'max_bound': [0.975, 0.326611, 0.618752]}",False,False,False,datasets/dataset_snippet_medium_resampled\RectangleTable\m895.obj
328,m910.obj,RectangleTable,4106,12722,Triangles,"{'min_bound': [0.025, 0.025, 0.025], 'max_bound': [0.975, 0.546104, 0.762046]}",False,False,False,datasets/dataset_snippet_medium_resampled\RectangleTable\m910.obj
329,m914.obj,RectangleTable,5428,10595,Triangles,"{'min_bound': [0.025, 0.025, 0.025], 'max_bound': [0.975, 0.288203, 0.379987]}",False,False,False,datasets/dataset_snippet_medium_resampled\RectangleTable\m914.obj
330,D00346.obj,Rocket,5864,11616,Triangles,"{'min_bound': [-1.01735, -0.178134, -0.176754], 'max_bound': [0.425072, 0.167429, 0.167208]}",True,False,False,datasets/dataset_snippet_medium_resampled\Rocket\D00346.obj
331,D00433.obj,Rocket,4737,9532,Triangles,"{'min_bound': [-0.818707, -0.233606, -0.253759], 'max_bound': [0.793682, 0.267361, 0.249727]}",False,False,False,datasets/dataset_snippet_medium_resampled\Rocket\D00433.obj
332,D00437.obj,Rocket,4603,10951,Triangles,"{'min_bound': [-1.0896, -0.18998, -0.207735], 'max_bound': [0.829451, 0.147994, 0.082673]}",False,False,False,datasets/dataset_snippet_medium_resampled\Rocket\D00437.obj
333,D00697.obj,Rocket,4647,9438,Triangles,"{'min_bound': [-0.671248, -0.28216627, -0.267608], 'max_bound': [0.941028, 0.223494, 0.235476]}",False,False,False,datasets/dataset_snippet_medium_resampled\Rocket\D00697.obj
334,D00851.obj,Rocket,4102,8192,Triangles,"{'min_bound': [-1.06053, -0.111481, -0.173601], 'max_bound': [0.888826, 0.221993, 0.157947]}",True,False,False,datasets/dataset_snippet_medium_resampled\Rocket\D00851.obj
335,D00975.obj,Rocket,5459,10772,Triangles,"{'min_bound': [-0.961595, -0.139452, -0.196421], 'max_bound': [0.96933754, 0.28388, 0.26491778]}",False,False,False,datasets/dataset_snippet_medium_resampled\Rocket\D00975.obj
336,D00107.obj,RoundTable,4142,14464,Triangles,"{'min_bound': [-0.276639, -0.57097, -0.631016], 'max_bound': [0.861997, 0.727171, 0.68805]}",False,False,False,datasets/dataset_snippet_medium_resampled\RoundTable\D00107.obj
337,D00948.obj,RoundTable,4637,9698,Triangles,"{'min_bound': [-0.373726, -0.445699, -0.446052], 'max_bound': [0.779868, 0.444198, 0.446541]}",False,False,False,datasets/dataset_snippet_medium_resampled\RoundTable\D00948.obj
338,m924.obj,RoundTable,5942,12442,Triangles,"{'min_bound': [0.20556465, 0.025, -0.06045022], 'max_bound': [0.87846557, 0.34492282, 0.975]}",False,False,False,datasets/dataset_snippet_medium_resampled\RoundTable\m924.obj
339,m929.obj,RoundTable,5859,12192,Triangles,"{'min_bound': [0.025, 0.025, 0.025], 'max_bound': [0.975, 0.562554, 0.975]}",False,False,False,datasets/dataset_snippet_medium_resampled\RoundTable\m929.obj
340,m931.obj,RoundTable,5524,11036,Triangles,"{'min_bound': [0.025, 0.025, 0.025], 'max_bound': [0.811207, 0.975, 0.772727]}",False,False,False,datasets/dataset_snippet_medium_resampled\RoundTable\m931.obj
341,m933.obj,RoundTable,4390,8780,Triangles,"{'min_bound': [0.025, 0.025, 0.025], 'max_bound': [0.975, 0.559375, 0.928504]}",False,False,False,datasets/dataset_snippet_medium_resampled\RoundTable\m933.obj
342,m935.obj,RoundTable,5391,10885,Triangles,"{'min_bound': [0.025, 0.025, 0.025], 'max_bound': [0.876203, 0.975, 0.876186]}",False,False,False,datasets/dataset_snippet_medium_resampled\RoundTable\m935.obj
343,D00074.obj,Shelf,5149,10272,Triangles,"{'min_bound': [-0.758328, -0.635381, -0.284787], 'max_bound': [1.0382, 0.850289, 0.160204]}",False,False,False,datasets/dataset_snippet_medium_resampled\Shelf\D00074.obj
344,D00171.obj,Shelf,5456,10896,Triangles,"{'min_bound': [-0.825229, -0.635851, -0.291628], 'max_bound': [0.917115, 0.29728, 0.261916]}",False,False,False,datasets/dataset_snippet_medium_resampled\Shelf\D00171.obj
345,m847.obj,Shelf,5444,11110,Triangles,"{'min_bound': [0.025, 0.025, 0.025], 'max_bound': [0.660413, 0.975, 0.225022]}",False,False,False,datasets/dataset_snippet_medium_resampled\Shelf\m847.obj
346,m849.obj,Shelf,4329,8600,Triangles,"{'min_bound': [0.025, 0.025, 0.025], 'max_bound': [0.975, 0.662127, 0.178756]}",False,False,False,datasets/dataset_snippet_medium_resampled\Shelf\m849.obj
348,m856.obj,Shelf,5251,10478,Triangles,"{'min_bound': [0.025, 0.025, 0.025], 'max_bound': [0.975, 0.791105, 0.408053]}",True,False,False,datasets/dataset_snippet_medium_resampled\Shelf\m856.obj
350,m1457.obj,Ship,4084,8831,Triangles,"{'min_bound': [0.025, 0.025, 0.025], 'max_bound': [0.375197, 0.59733, 0.975]}",False,False,False,datasets/dataset_snippet_medium_resampled\Ship\m1457.obj
351,m1462.obj,Ship,4916,9518,Triangles,"{'min_bound': [0.025, 0.025, 0.025], 'max_bound': [0.548358, 0.524952, 0.975]}",False,False,False,datasets/dataset_snippet_medium_resampled\Ship\m1462.obj
352,m1463.obj,Ship,4586,9690,Triangles,"{'min_bound': [0.025, 0.0249999, 0.025], 'max_bound': [0.975, 0.164155, 0.12241]}",False,False,False,datasets/dataset_snippet_medium_resampled\Ship\m1463.obj
353,m1466.obj,Ship,4869,9291,Triangles,"{'min_bound': [0.025, 0.025, 0.0250374], 'max_bound': [0.169516, 0.212589, 0.97499198]}",False,False,False,datasets/dataset_snippet_medium_resampled\Ship\m1466.obj
354,m1467.obj,Ship,4228,8434,Triangles,"{'min_bound': [0.025, 0.025, 0.025], 'max_bound': [0.159527, 0.294733, 0.975]}",False,False,False,datasets/dataset_snippet_medium_resampled\Ship\m1467.obj
355,m1469.obj,Ship,4541,8908,Triangles,"{'min_bound': [0.025, 0.025, 0.025], 'max_bound': [0.129224, 0.28801, 0.975]}",False,False,False,datasets/dataset_snippet_medium_resampled\Ship\m1469.obj
356,m1470.obj,Ship,5997,12095,Triangles,"{'min_bound': [0.025, 0.025, 0.025], 'max_bound': [0.122405, 0.164154, 0.975]}",False,False,False,datasets/dataset_snippet_medium_resampled\Ship\m1470.obj
357,m1670.obj,Sign,5399,10080,Triangles,"{'min_bound': [0.0250135, 0.025, 0.025], 'max_bound': [0.335607, 0.975, 0.068536]}",False,False,False,datasets/dataset_snippet_medium_resampled\Sign\m1670.obj
358,m1671.obj,Sign,4095,7232,Triangles,"{'min_bound': [0.025, 0.025, 0.025], 'max_bound': [0.338838, 0.975, 0.075532]}",False,False,False,datasets/dataset_snippet_medium_resampled\Sign\m1671.obj
359,m1673.obj,Sign,5643,11287,Triangles,"{'min_bound': [0.025, 0.025, 0.025], 'max_bound': [0.40375, 0.975, 0.072555]}",False,False,False,datasets/dataset_snippet_medium_resampled\Sign\m1673.obj
360,m1680.obj,Sign,5670,11328,Triangles,"{'min_bound': [0.025, 0.025, 0.025], 'max_bound': [0.377568, 0.975, 0.052018]}",True,False,False,datasets/dataset_snippet_medium_resampled\Sign\m1680.obj
361,m1682.obj,Sign,4492,8804,Triangles,"{'min_bound': [0.025, 0.025, 0.025], 'max_bound': [0.975, 0.852742, 0.357307]}",True,False,False,datasets/dataset_snippet_medium_resampled\Sign\m1682.obj
362,m1684.obj,Sign,4768,9532,Triangles,"{'min_bound': [0.025, 0.025, 0.025], 'max_bound': [0.975, 0.94233, 0.104207]}",False,False,False,datasets/dataset_snippet_medium_resampled\Sign\m1684.obj
363,D00125.obj,Skyscraper,5852,11374,Triangles,"{'min_bound': [-0.985968, -0.208073, -0.166764], 'max_bound': [0.55974, 0.258848, 0.184044]}",False,False,False,datasets/dataset_snippet_medium_resampled\Skyscraper\D00125.obj
364,D00130.obj,Skyscraper,4629,13106,Triangles,"{'min_bound': [-0.941441, -0.179672, -0.18570918], 'max_bound': [0.87635309, 0.229129, 0.20734487]}",False,False,False,datasets/dataset_snippet_medium_resampled\Skyscraper\D00130.obj
365,D00589.obj,Skyscraper,5516,10976,Triangles,"{'min_bound': [-0.891001, -0.249752, -0.210741], 'max_bound': [0.84234, 0.185449, 0.221908]}",True,False,False,datasets/dataset_snippet_medium_resampled\Skyscraper\D00589.obj
366,D00822.obj,Skyscraper,5269,11904,Triangles,"{'min_bound': [-0.962853, -0.207903, -0.20802], 'max_bound': [0.763876, 0.192337, 0.18562]}",False,False,False,datasets/dataset_snippet_medium_resampled\Skyscraper\D00822.obj
367,D00872.obj,Skyscraper,5480,10912,Triangles,"{'min_bound': [-1.25123, -0.247287, -0.181341], 'max_bound': [0.451695, 0.257228, 0.373556]}",True,False,False,datasets/dataset_snippet_medium_resampled\Skyscraper\D00872.obj
368,D00014.obj,Spoon,5575,35157,Triangles,"{'min_bound': [3.41959309, 0.835941, -0.025512], 'max_bound': [4.279629, 5.10234, 0.278286]}",False,False,False,datasets/dataset_snippet_medium_resampled\Spoon\D00014.obj
369,D00497.obj,Spoon,4348,26712,Triangles,"{'min_bound': [0.006005, 0.035645, -0.0], 'max_bound': [0.054753, 0.058796, 0.248042]}",False,False,False,datasets/dataset_snippet_medium_resampled\Spoon\D00497.obj
370,D00517.obj,Spoon,5039,30201,Triangles,"{'min_bound': [-10.17670024, -10.1767, 0.0], 'max_bound': [10.1767, 69.7818, 10.17670062]}",False,False,False,datasets/dataset_snippet_medium_resampled\Spoon\D00517.obj
371,D00562.obj,Spoon,5871,36378,Triangles,"{'min_bound': [-4.9190358, 10.8063, 0.344216], 'max_bound': [-3.81887, 11.7129, 0.456064]}",False,False,False,datasets/dataset_snippet_medium_resampled\Spoon\D00562.obj
372,D00669.obj,Spoon,4128,26052,Triangles,"{'min_bound': [-0.33655, -0.04445, 0.018273], 'max_bound': [0.33655, 1.083619, 0.669657]}",False,False,False,datasets/dataset_snippet_medium_resampled\Spoon\D00669.obj
373,D00674.obj,Spoon,5070,30288,Triangles,"{'min_bound': [-0.56031329, -2.178684, -0.257557], 'max_bound': [1.04935465, 1.516141, 0.263714]}",False,False,False,datasets/dataset_snippet_medium_resampled\Spoon\D00674.obj
374,D00683.obj,Spoon,5833,36756,Triangles,"{'min_bound': [-1.88431, 1.36683, 0.002341], 'max_bound': [-1.84047, 1.52078, 0.0450626]}",False,False,False,datasets/dataset_snippet_medium_resampled\Spoon\D00683.obj
375,m1353.obj,Starship,5708,11787,Triangles,"{'min_bound': [0.025, 0.025, 0.025], 'max_bound': [0.489988, 0.975, 0.336106]}",False,False,False,datasets/dataset_snippet_medium_resampled\Starship\m1353.obj
376,m1365.obj,Starship,4501,9407,Triangles,"{'min_bound': [0.025, 0.025, 0.025], 'max_bound': [0.975, 0.750444, 0.201007]}",False,False,False,datasets/dataset_snippet_medium_resampled\Starship\m1365.obj
377,m1366.obj,Starship,4208,8427,Triangles,"{'min_bound': [0.025, 0.025, 0.025], 'max_bound': [0.476787, 0.975, 0.245535]}",False,False,False,datasets/dataset_snippet_medium_resampled\Starship\m1366.obj
378,m1375.obj,Starship,4667,9464,Triangles,"{'min_bound': [0.025, 0.025, 0.025], 'max_bound': [0.827817, 0.410352, 0.975]}",False,False,False,datasets/dataset_snippet_medium_resampled\Starship\m1375.obj
379,m1382.obj,Starship,4913,9829,Triangles,"{'min_bound': [0.025, 0.025, 0.025], 'max_bound': [0.975, 0.283379, 0.975]}",False,False,False,datasets/dataset_snippet_medium_resampled\Starship\m1382.obj
380,m1386.obj,Starship,4654,9474,Triangles,"{'min_bound': [0.025, 0.025, 0.025], 'max_bound': [0.975, 0.361415, 0.931763]}",False,False,False,datasets/dataset_snippet_medium_resampled\Starship\m1386.obj
381,D00064.obj,SubmachineGun,4541,9278,Triangles,"{'min_bound': [-0.812644, -0.302528, -0.25348901], 'max_bound': [1.08721, 0.449624, 0.16378176]}",False,False,False,datasets/dataset_snippet_medium_resampled\SubmachineGun\D00064.obj
382,D00256.obj,SubmachineGun,5154,10512,Triangles,"{'min_bound': [-0.876584, -0.762328, -0.138511], 'max_bound': [0.919527, 0.296704, 0.099466]}",False,False,False,datasets/dataset_snippet_medium_resampled\SubmachineGun\D00256.obj
383,D00371.obj,SubmachineGun,4692,7589,Triangles,"{'min_bound': [-0.68741461, -0.243497, -0.192067], 'max_bound': [1.00504055, 0.22976304, 0.14228968]}",False,False,False,datasets/dataset_snippet_medium_resampled\SubmachineGun\D00371.obj
384,D00459.obj,SubmachineGun,5970,11907,Triangles,"{'min_bound': [-0.92876441, -0.13145052, -0.07015044], 'max_bound': [0.81389188, 0.32775853, 0.06718935]}",False,False,False,datasets/dataset_snippet_medium_resampled\SubmachineGun\D00459.obj
385,D00489.obj,SubmachineGun,4392,8736,Triangles,"{'min_bound': [-0.841187, -0.808139, -0.086458], 'max_bound': [0.892872, 0.619503, 0.094444]}",True,False,False,datasets/dataset_snippet_medium_resampled\SubmachineGun\D00489.obj
386,D00878.obj,SubmachineGun,5900,11664,Triangles,"{'min_bound': [-0.888097, -0.394638, -0.065063], 'max_bound': [0.903131, 0.181686, 0.061265]}",False,False,False,datasets/dataset_snippet_medium_resampled\SubmachineGun\D00878.obj
387,D00960.obj,SubmachineGun,4792,9627,Triangles,"{'min_bound': [-1.09728, -0.369754, -0.062865], 'max_bound': [0.617693, 0.356748, 0.047946]}",False,False,False,datasets/dataset_snippet_medium_resampled\SubmachineGun\D00960.obj
388,D00066.obj,Sword,5385,10662,Triangles,"{'min_bound': [-1.1684, -0.16721713, -0.04676209], 'max_bound': [0.365576, 0.14905115, 0.04025076]}",True,False,False,datasets/dataset_snippet_medium_resampled\Sword\D00066.obj
389,D00195.obj,Sword,5656,11928,Triangles,"{'min_bound': [-0.746991, -0.146119, -0.101896], 'max_bound': [0.914549, 0.138769, 0.09907]}",False,False,False,datasets/dataset_snippet_medium_resampled\Sword\D00195.obj
390,D00992.obj,Sword,5856,11648,Triangles,"{'min_bound': [-0.913541, -0.1497, -0.028825], 'max_bound': [0.573817, 0.153792, 0.034635]}",False,False,False,datasets/dataset_snippet_medium_resampled\Sword\D00992.obj
391,m687.obj,Sword,5781,11790,Triangles,"{'min_bound': [0.025, 0.025, 0.02494897], 'max_bound': [0.459071, 0.975, 0.11235993]}",False,False,False,datasets/dataset_snippet_medium_resampled\Sword\m687.obj
392,m688.obj,Sword,5243,11026,Triangles,"{'min_bound': [0.025, 0.025, 0.025], 'max_bound': [0.11913, 0.975, 0.375814]}",False,False,False,datasets/dataset_snippet_medium_resampled\Sword\m688.obj
393,m698.obj,Sword,4926,10427,Triangles,"{'min_bound': [0.02498225, 0.025, 0.025], 'max_bound': [0.290328, 0.975, 0.1072121]}",False,False,False,datasets/dataset_snippet_medium_resampled\Sword\m698.obj
394,m701.obj,Sword,4908,10447,Triangles,"{'min_bound': [0.025, 0.02441751, 0.02496803], 'max_bound': [0.044047, 0.3070885, 0.975]}",False,False,False,datasets/dataset_snippet_medium_resampled\Sword\m701.obj
395,D01003.obj,Tool,4244,11004,Triangles,"{'min_bound': [-0.622121, -0.07999316, -0.931854], 'max_bound': [0.565481, 0.0809682, 0.81033591]}",False,False,False,datasets/dataset_snippet_medium_resampled\Tool\D01003.obj
396,D01084.obj,Tool,4491,8978,Triangles,"{'min_bound': [-0.690559, -0.079647, -0.975233], 'max_bound': [0.51102, 0.08501, 0.856318]}",True,False,False,datasets/dataset_snippet_medium_resampled\Tool\D01084.obj
397,D01111.obj,Tool,4284,8564,Triangles,"{'min_bound': [-0.75344, -0.076081, -0.735844], 'max_bound': [0.959852, 0.075916, 0.682277]}",True,False,False,datasets/dataset_snippet_medium_resampled\Tool\D01111.obj
398,D01131.obj,Tool,4487,8970,Triangles,"{'min_bound': [-0.675742, -0.079542, -0.969787], 'max_bound': [0.51606, 0.08539, 0.8659]}",True,False,False,datasets/dataset_snippet_medium_resampled\Tool\D01131.obj
400,m1111.obj,Tool,5726,11624,Triangles,"{'min_bound': [0.02499996, 0.025, 0.025], 'max_bound': [0.455275, 0.975, 0.160898]}",False,False,False,datasets/dataset_snippet_medium_resampled\Tool\m1111.obj
401,m1117.obj,Tool,4711,9586,Triangles,"{'min_bound': [0.025, 0.025, 0.025], 'max_bound': [0.270945, 0.113904, 0.975]}",False,False,False,datasets/dataset_snippet_medium_resampled\Tool\m1117.obj
402,D01031.obj,Train,5359,33912,Triangles,"{'min_bound': [2.633926, -3.426536, -0.012406], 'max_bound': [14.625887, -1.550645, 2.724437]}",False,False,False,datasets/dataset_snippet_medium_resampled\Train\D01031.obj
403,D01095.obj,Train,5909,32823,Triangles,"{'min_bound': [-6.92386, -7.38609, 0.0], 'max_bound': [-1.10613, 7.00026, 5.24168]}",False,False,False,datasets/dataset_snippet_medium_resampled\Train\D01095.obj
404,D01163.obj,Train,4521,26739,Triangles,"{'min_bound': [1.55948, 1.31646, 0.0], 'max_bound': [3.45026, 7.83632, 2.47999]}",False,False,False,datasets/dataset_snippet_medium_resampled\Train\D01163.obj
405,m1578.obj,Train,4636,9184,Triangles,"{'min_bound': [0.025, 0.025, 0.025], 'max_bound': [0.208732, 0.370015, 0.975]}",True,False,False,datasets/dataset_snippet_medium_resampled\Train\m1578.obj
406,m1582.obj,Train,5748,11436,Triangles,"{'min_bound': [0.02508747, 0.02498329, 0.025], 'max_bound': [0.1948206, 0.27337621, 0.97438299]}",False,False,False,datasets/dataset_snippet_medium_resampled\Train\m1582.obj
407,m1585.obj,Train,5303,10238,Triangles,"{'min_bound': [0.025, 0.025, 0.025], 'max_bound': [0.302303, 0.399059, 0.975]}",False,False,False,datasets/dataset_snippet_medium_resampled\Train\m1585.obj
408,m1586.obj,Train,5520,10569,Triangles,"{'min_bound': [0.025, 0.025, 0.025], 'max_bound': [0.30341, 0.377149, 0.975]}",False,False,False,datasets/dataset_snippet_medium_resampled\Train\m1586.obj
409,D00367.obj,Tree,4236,7235,Triangles,"{'min_bound': [-1.0802, -0.698647, -0.507553], 'max_bound': [0.388454, 0.467562, 0.433905]}",False,False,False,datasets/dataset_snippet_medium_resampled\Tree\D00367.obj
410,D00385.obj,Tree,5313,4393,Triangles,"{'min_bound': [-1.33333333, -0.833086, -0.570593], 'max_bound': [0.617585, 0.816157, 0.702034]}",False,False,False,datasets/dataset_snippet_medium_resampled\Tree\D00385.obj
412,D00533.obj,Tree,4508,5548,Triangles,"{'min_bound': [-0.658318, -0.241778, -0.292019], 'max_bound': [0.214586, 0.344785, 0.275685]}",False,False,False,datasets/dataset_snippet_medium_resampled\Tree\D00533.obj
413,m1050.obj,Tree,5410,4630,Triangles,"{'min_bound': [0.025, 0.025, 0.025], 'max_bound': [0.581102, 0.975, 0.54077]}",False,False,False,datasets/dataset_snippet_medium_resampled\Tree\m1050.obj
414,m1086.obj,Tree,4368,5514,Triangles,"{'min_bound': [0.025, 0.025, 0.025134], 'max_bound': [0.322071, 0.970409, 0.333301]}",False,False,False,datasets/dataset_snippet_medium_resampled\Tree\m1086.obj
415,D00002.obj,Truck,4757,28086,Triangles,"{'min_bound': [2.679006, -0.899511, -0.027327], 'max_bound': [8.419631, 1.422532, 1.861361]}",False,False,False,datasets/dataset_snippet_medium_resampled\Truck\D00002.obj
416,D00010.obj,Truck,4820,27228,Triangles,"{'min_bound': [7.22164, 13.39582644, -0.279988], 'max_bound': [10.9004, 24.312, 3.68515]}",False,False,False,datasets/dataset_snippet_medium_resampled\Truck\D00010.obj
417,D00112.obj,Truck,5342,33096,Triangles,"{'min_bound': [0.08291375, -0.00060713, 0.00120148], 'max_bound': [3.32455435, 13.2481, 4.50389]}",False,False,False,datasets/dataset_snippet_medium_resampled\Truck\D00112.obj
418,D00518.obj,Truck,5427,32121,Triangles,"{'min_bound': [0.00132611, 0.00748242, 0.000219], 'max_bound': [2.48132, 11.0415, 3.82758]}",False,False,False,datasets/dataset_snippet_medium_resampled\Truck\D00518.obj
419,D00987.obj,Truck,4153,26856,Triangles,"{'min_bound': [-0.635555, 0.00830327, -0.1037765], 'max_bound': [2.4286, 10.8136, 3.96332]}",False,False,False,datasets/dataset_snippet_medium_resampled\Truck\D00987.obj
420,m1571.obj,Truck,5962,11555,Triangles,"{'min_bound': [0.02499996, 0.02429427, 0.025], 'max_bound': [0.31692607, 0.413022, 0.97499994]}",False,False,False,datasets/dataset_snippet_medium_resampled\Truck\m1571.obj
422,D00215.obj,TruckNonContainer,4409,23541,Triangles,"{'min_bound': [-85.726941, -320.108585, -45.553765], 'max_bound': [92.948175, 169.110471, 134.995221]}",False,False,False,datasets/dataset_snippet_medium_resampled\TruckNonContainer\D00215.obj
423,D00353.obj,TruckNonContainer,5631,35685,Triangles,"{'min_bound': [0.07820048, -0.00109029, 0.00098463], 'max_bound': [3.3197345, 7.41129, 4.19099]}",False,False,False,datasets/dataset_snippet_medium_resampled\TruckNonContainer\D00353.obj
424,D00572.obj,TruckNonContainer,4657,33006,Triangles,"{'min_bound': [0.00195067, 0.0, 0.0], 'max_bound': [2.75672, 9.24579, 2.58466]}",False,False,False,datasets/dataset_snippet_medium_resampled\TruckNonContainer\D00572.obj
425,D00737.obj,TruckNonContainer,4464,26358,Triangles,"{'min_bound': [-72.4159, -245.398, -1.08963], 'max_bound': [72.8422, 48.1026, 140.698]}",False,False,False,datasets/dataset_snippet_medium_resampled\TruckNonContainer\D00737.obj
426,D00783.obj,TruckNonContainer,5246,30654,Triangles,"{'min_bound': [8.06463, -1.39549, -0.00015001], 'max_bound': [15.8666, 1.47686, 2.832]}",False,False,False,datasets/dataset_snippet_medium_resampled\TruckNonContainer\D00783.obj
427,D00879.obj,TruckNonContainer,4278,25170,Triangles,"{'min_bound': [1.912669, 1.665688, -0.035788], 'max_bound': [9.544557, 5.952464, 4.200177]}",False,False,False,datasets/dataset_snippet_medium_resampled\TruckNonContainer\D00879.obj
428,m527.obj,Vase,5383,10912,Triangles,"{'min_bound': [0.025, 0.02498725, 0.025], 'max_bound': [0.975, 0.975, 0.975]}",False,False,False,datasets/dataset_snippet_medium_resampled\Vase\m527.obj
429,m529.obj,Vase,4600,9172,Triangles,"{'min_bound': [0.025, 0.025, 0.025], 'max_bound': [0.970642, 0.65045001, 0.975]}",False,False,False,datasets/dataset_snippet_medium_resampled\Vase\m529.obj
430,m532.obj,Vase,5152,10536,Triangles,"{'min_bound': [0.02499998, 0.02498245, 0.02495984], 'max_bound': [0.42287, 0.42287004, 0.97500002]}",False,False,False,datasets/dataset_snippet_medium_resampled\Vase\m532.obj
431,m538.obj,Vase,4912,10208,Triangles,"{'min_bound': [0.025, 0.025, 0.025], 'max_bound': [0.975, 0.539535, 0.974583]}",False,False,False,datasets/dataset_snippet_medium_resampled\Vase\m538.obj
432,m541.obj,Vase,4833,19136,Triangles,"{'min_bound': [0.025, 0.025, 0.025], 'max_bound': [0.890313, 0.975, 0.890699]}",False,False,False,datasets/dataset_snippet_medium_resampled\Vase\m541.obj
433,m542.obj,Vase,4646,9280,Triangles,"{'min_bound': [0.025, 0.025, 0.025], 'max_bound': [0.642246, 0.938592, 0.975]}",True,False,False,datasets/dataset_snippet_medium_resampled\Vase\m542.obj
434,m547.obj,Vase,5604,11200,Triangles,"{'min_bound': [0.025, 0.02499976, 0.025], 'max_bound': [0.97500003, 0.7143998, 0.975]}",False,False,False,datasets/dataset_snippet_medium_resampled\Vase\m547.obj
435,D00349.obj,Violin,5051,29640,Triangles,"{'min_bound': [-14.737776, 17.900774, 0.42433], 'max_bound': [-14.282619, 18.740748, 1.501896]}",False,False,False,datasets/dataset_snippet_medium_resampled\Violin\D00349.obj
436,D00376.obj,Violin,4215,24876,Triangles,"{'min_bound': [3.634775, 2.779451, -0.601902], 'max_bound': [4.934043, 4.432217, 3.473981]}",False,False,False,datasets/dataset_snippet_medium_resampled\Violin\D00376.obj
437,D00506.obj,Violin,5935,32853,Triangles,"{'min_bound': [3.99420648, 12.36310909, -0.63025595], 'max_bound': [11.39545828, 19.60261101, 17.588909]}",False,False,False,datasets/dataset_snippet_medium_resampled\Violin\D00506.obj
438,D00602.obj,Violin,5019,38415,Triangles,"{'min_bound': [9.93665099, 20.732, 1.81298474], 'max_bound': [10.0376427, 20.9391, 2.53566]}",False,False,False,datasets/dataset_snippet_medium_resampled\Violin\D00602.obj
439,D00701.obj,Violin,4307,26130,Triangles,"{'min_bound': [4.58379849, 0.039219, -0.082304], 'max_bound': [5.56435768, 2.81503897, 0.119063]}",False,False,False,datasets/dataset_snippet_medium_resampled\Violin\D00701.obj
440,D00891.obj,Violin,5589,33666,Triangles,"{'min_bound': [36.637, 11.9892, -0.0], 'max_bound': [62.4366, 86.5645, 7.19455]}",False,False,False,datasets/dataset_snippet_medium_resampled\Violin\D00891.obj
441,D00993.obj,Violin,5155,32829,Triangles,"{'min_bound': [4.52912911, 0.194657, -3.44774], 'max_bound': [4.98731, 0.52094552, -1.94465]}",False,False,False,datasets/dataset_snippet_medium_resampled\Violin\D00993.obj
442,m735.obj,Wheel,5384,10974,Triangles,"{'min_bound': [0.025, 0.025, 0.025], 'max_bound': [0.975, 0.975, 0.11351734]}",False,False,False,datasets/dataset_snippet_medium_resampled\Wheel\m735.obj
443,m738.obj,Wheel,5813,11200,Triangles,"{'min_bound': [0.025, 0.025, 0.025], 'max_bound': [0.975, 0.975, 0.502082]}",False,False,False,datasets/dataset_snippet_medium_resampled\Wheel\m738.obj
444,m740.obj,Wheel,4352,7556,Triangles,"{'min_bound': [0.025, 0.025, 0.025], 'max_bound': [0.975, 0.975, 0.477833]}",False,False,False,datasets/dataset_snippet_medium_resampled\Wheel\m740.obj
445,m744.obj,Wheel,4583,10208,Triangles,"{'min_bound': [0.025, 0.02467686, 0.02494186], 'max_bound': [0.97489633, 0.97501285, 0.41364756]}",False,False,False,datasets/dataset_snippet_medium_resampled\Wheel\m744.obj
446,m746.obj,Wheel,4196,8192,Triangles,"{'min_bound': [0.025, 0.025, 0.025], 'max_bound': [0.975, 0.975, 0.690144]}",False,False,False,datasets/dataset_snippet_medium_resampled\Wheel\m746.obj
447,m747.obj,Wheel,5640,11288,Triangles,"{'min_bound': [0.025, 0.025, 0.025], 'max_bound': [0.975, 0.975, 0.15292]}",False,False,False,datasets/dataset_snippet_medium_resampled\Wheel\m747.obj
448,D00070.obj,WheelChair,5948,11782,Triangles,"{'min_bound': [-1.26628925, -0.65647868, -0.67837155], 'max_bound': [0.67220541, 0.525735, 0.552007]}",False,False,False,datasets/dataset_snippet_medium_resampled\WheelChair\D00070.obj
449,D00088.obj,WheelChair,4621,8973,Triangles,"{'min_bound': [-0.86053643, -0.56924475, -0.66818053], 'max_bound': [0.88331326, 0.42511316, 0.44977419]}",False,False,False,datasets/dataset_snippet_medium_resampled\WheelChair\D00088.obj
450,D00365.obj,WheelChair,5082,10088,Triangles,"{'min_bound': [-0.88239623, -0.642376, -0.57103159], 'max_bound': [0.920881, 0.388073, 0.422663]}",True,False,False,datasets/dataset_snippet_medium_resampled\WheelChair\D00365.obj
451,D00499.obj,WheelChair,5706,11485,Triangles,"{'min_bound': [-0.689463, -0.454981, -0.380234], 'max_bound': [1.16514, 0.485391, 0.693217]}",False,False,False,datasets/dataset_snippet_medium_resampled\WheelChair\D00499.obj
452,D00526.obj,WheelChair,4568,9800,Triangles,"{'min_bound': [-0.883464, -0.519012, -0.564571], 'max_bound': [0.903358, 0.63784349, 0.682028]}",False,False,False,datasets/dataset_snippet_medium_resampled\WheelChair\D00526.obj
453,D00720.obj,WheelChair,5481,9845,Triangles,"{'min_bound': [-1.2572631, -0.51198555, -0.42529759], 'max_bound': [0.62435967, 0.62551936, 0.5249485]}",False,False,False,datasets/dataset_snippet_medium_resampled\WheelChair\D00720.obj
454,D00846.obj,WheelChair,4347,8424,Triangles,"{'min_bound': [-0.915155, -0.56026226, -0.62710877], 'max_bound': [0.94999582, 0.51941851, 0.537993]}",False,False,False,datasets/dataset_snippet_medium_resampled\WheelChair\D00846.obj
